day(UT),time(UT), mjd(day), sol(deg), ra(deg), ra sd(deg), de(deg), de sd(deg), vg(km/s), vg sd(km/s), a(AU), a sd(AU), 1/a(1/AU), 1/a sd(1/AU), q(AU), q sd(AU), e, e sd, peri(deg), peri sd(deg), node(deg), incl(deg), incl sd(deg), amag, dur(sec), lng1(deg), lat1(deg), H1(km), lng2(deg), lat2(deg), H2(km), L(km), Nrstar, Qc(deg), Ncam,  Er(deg), Ncam_org, Er_org (deg), Shower, dr, dv, dd, ZF, NightTime(hour), ZHR, 
2023/08/23, 14:07:20,60179.58843,149.8822,319.828,0,-23.255,0,12.248,0,1.628,0,0.6144,0,0.818,0,0.4974,0,64.869,0,329.8874,2.7263,0,-0.8,0.183,136.7037,36.095,79.6,136.7031,36.1162,77.7,3.1,34,42.9,2,0,2,0, spo,-1,-1,-1,1.59,7.69,0.2068,
2023/08/23, 14:14:28,60179.59338,149.8869,160.742,0,73.235,0,38.125,0,17.921,0,0.0558,0,0.824,0,0.954,0,128.3581,0,149.8868,59.0495,0,-0.6,0.784,136.7488,35.9968,100.2,136.7766,35.7415,88.9,31,33,36.1,2,0,2,0, spo,-1,-1,-1,2.726,7.73,0.3528,
2023/08/23, 14:36:45,60179.60886,149.9018,282.274,0,52.319,0,14.59,0,1.601,0,0.6248,0,0.99,0,0.3815,0,202.5192,0,149.9013,24.092,0,-0.4,0.467,138.4361,36.8464,77.1,138.475,36.8179,69.4,9.1,22,1.3,2,0,2,0, spo,-1,-1,-1,1.172,7.63,0.1536,
2023/08/23, 18:20:35,60179.76431,150.0516,38.014,0,66.033,0,52.863,0,4.656,0,0.2148,0,1.011,0,0.7828,0,177.9711,0,150.0517,98.9569,0,-0.7,0.334,136.9888,34.7829,105.8,136.9683,34.6983,90.4,18.2,50,23,2,0,2,0, spo,-1,-1,-1,1.182,7.82,0.1512,
2023/08/23, 18:57:06,60179.78966,150.0761,57.012,0,-8.399,0,65.08,0,72.752,0,0.0137,0,0.975,0,0.9866,0,22.0395,0,330.0758,132.529,0,-1.5,0.25,138.2263,35.8731,108.8,138.1556,35.9697,97.8,16.8,63,39.1,2,0,2,0, spo,-1,-1,-1,1.523,7.71,0.1976,
2023/08/24, 11:46:51,60180.49088,150.7519,320.179,0,49.394,0,34.056,0,13.799,0,0.0725,0,0.841,0,0.939,0,229.1875,0,150.7517,51.3024,0,-0.9,0.267,137.7696,36.9788,94.5,137.7327,36.956,86.1,9.3,85,22.9,2,0,2,0, spo,-1,-1,-1,1.12,7.66,0.1463,
2023/08/24, 11:46:53,60180.49089,150.7519,353.338,0,0.59,0,33.844,0,1.748,0,0.5722,0,0.158,0,0.9098,0,320.5287,0,150.75,6.6823,0,-1.6,0.35,137.9229,36.9055,89.3,137.8051,36.9293,85.1,11.8,26,13.6,2,0,2,0, spo,-1,-1,-1,2.805,7.66,0.3662,
2023/08/24, 12:42:18,60180.52938,150.789,22.919,0,21.421,0,57.771,0,2.394,0,0.4177,0,0.292,0,0.8781,0,301.4199,0,150.7894,149.6289,0,-0.2,0.733,137.3969,35.9091,115.6,136.8983,35.8098,99.6,49.8,112,31.8,3,0,3,0, spo,-1,-1,-1,3.113,7.76,0.4009,
2023/08/24, 13:00:46,60180.54221,150.8014,312.842,0,-32.916,0,18.32,0,8.509,0,0.1175,0,0.835,0,0.9018,0,50.6858,0,330.8032,7.1937,0,-1.1,2.419,138.6817,37.4944,96.7,138.6197,37.9056,75.1,51.4,43,75,4,0,4,0, spo,-1,-1,-1,2.358,7.57,0.3116,
2023/08/24, 13:51:30,60180.57744,150.8353,252.223,0,65.879,0,21.696,0,2.554,0,0.3915,0,1.007,0,0.6057,0,171.7034,0,150.835,35.072,0,-1.7,1.285,139.1041,37.2416,97.7,139.2255,37.0709,75.2,31.5,50,47.8,3,0,3,0, spo,-1,-1,-1,1.396,7.65,0.1826,
2023/08/24, 14:45:45,60180.61511,150.8716,300.535,0,14.521,0,20.779,0,35.098,0,0.0285,0,0.859,0,0.9755,0,225.9637,0,150.871,17.7061,0,-1.4,0.551,137.6022,36.9732,93.4,137.6597,37.0013,84,11.2,147,38.9,2,0,2,0, spo,-1,-1,-1,1.186,7.65,0.155,
2023/08/24, 14:45:59,60180.61527,150.8718,47.177,0,51.231,0,71.593,0,-1.323,0,-0.756,0,1.01,0,1.7638,0,182.7482,0,150.872,129.2214,0,-2,0.15,139.5218,36.229,95.1,139.4381,36.17,87.4,12.7,36,72.9,2,0,2,0, spo,-1,-1,-1,1.657,7.73,0.2143,
2023/08/24, 15:06:03,60180.62921,150.8852,338.384,0,-14.47,0,30.296,0,14.1,0,0.0709,0,0.446,0,0.9684,0,97.8105,0,330.8875,5.5052,0,-1.3,0.283,139.1898,36.2561,93.9,139.1883,36.3278,86.9,10.7,33,67.5,2,0,2,0, spo,-1,-1,-1,1.523,7.72,0.1973,
2023/08/24, 15:18:09,60180.63761,150.8933,70.448,0,18.04,0,67.702,0,3.96,0,0.2525,0,0.903,0,0.772,0,318.9926,0,330.8917,172.4577,0,-3.7,0.851,141.0935,34.4912,114.1,140.4978,34.3712,101.2,58.7,34,16.6,4,0,4,0, spo,-1,-1,-1,4.561,7.89,0.5782,
2023/08/24, 15:24:10,60180.64179,150.8974,94.914,0,86.216,0,49.667,0,-2.162,0,-0.4624,0,0.964,0,1.4458,0,157.1069,0,150.8973,77.5535,0,-1,0.567,139.8852,34.9758,105.5,139.8667,34.7915,91.4,25.1,30,32.2,3,0,3,0, spo,-1,-1,-1,1.783,7.85,0.227,
2023/08/24, 15:27:13,60180.64391,150.8994,17.936,0,34.239,0,54.059,0,2.033,0,0.492,0,0.43,0,0.7883,0,287.6432,0,150.8995,119.7659,0,-0.2,0.217,137.7659,36.1414,100.9,137.6957,36.1343,89.3,13.3,213,75.9,4,0,4,0, spo,-1,-1,-1,1.147,7.74,0.1483,
2023/08/24, 15:27:54,60180.64438,150.8999,59.256,0,43.759,0,63.153,0,2.802,0,0.3569,0,0.987,0,0.6478,0,159.946,0,150.9001,139.3299,0,-1.1,0.35,138.6981,34.825,110.8,138.5263,34.7307,98.4,22.8,81,34.1,2,0,2,0, spo,-1,-1,-1,1.851,7.86,0.2355,
2023/08/24, 15:32:15,60180.64741,150.9028,33.409,0,23.516,0,65.606,0,8.575,0,0.1166,0,0.631,0,0.9264,0,257.3698,0,150.9034,160.4992,0,-1.9,0.267,140.0784,34.4135,109,139.9514,34.4162,96.1,17.5,42,30.5,2,0,2,0, spo,-1,-1,-1,1.363,7.89,0.1728,
2023/08/24, 15:43:45,60180.65538,150.9105,282.196,0,79.434,0,30.207,0,2.448,0,0.4084,0,1.007,0,0.5885,0,172.0168,0,150.9103,52.0768,0,-2.2,0.55,139.9602,36.5946,92.8,139.9952,36.4589,78.9,20.9,5,5.3,2,0,2,0, spo,-1,-1,-1,1.499,7.71,0.1946,
2023/08/24, 15:50:48,60180.66028,150.9152,44.67,0,21.918,0,69.716,0,68.262,0,0.0146,0,0.875,0,0.9872,0,223.2021,0,150.9167,171.4247,0,-2.5,0.334,138.0776,37.2532,114.2,137.8747,37.2558,99.1,23.8,113,30.1,4,0,4,0, spo,-1,-1,-1,1.574,7.63,0.2062,
2023/08/24, 15:58:08,60180.66537,150.9201,348.217,0,37.888,0,42.674,0,4.404,0,0.2271,0,0.497,0,0.8872,0,274.682,0,150.92,69.8359,0,-1,0.234,137.1267,35.8442,86.4,137.1275,35.8404,75.3,11.1,308,77.9,2,0,2,0, spo,-1,-1,-1,1.001,7.76,0.1289,
2023/08/24, 15:58:08,60180.66538,150.9201,350.559,0,37.339,0,45.768,0,10.452,0,0.0957,0,0.487,0,0.9534,0,273.5049,0,150.92,75.6094,0,-2.7,0.45,137.1543,35.8472,90.8,137.1488,35.8419,70.1,20.7,46,24.3,2,0,2,0, spo,-1,-1,-1,1.001,7.76,0.1289,
2023/08/24, 16:24:16,60180.68352,150.9376,61.688,0,-4.968,0,63.024,0,3.348,0,0.2987,0,1.004,0,0.6999,0,10.2077,0,330.9374,135.476,0,1.9,0.726,136.7932,34.4795,111.6,136.3442,34.5995,98.3,46,135,61.9,3,0,3,0, spo,-1,-1,-1,3.457,7.87,0.4393,
2023/08/24, 16:32:48,60180.68945,150.9433,43.834,0,51.156,0,61.547,0,6.414,0,0.1559,0,1.002,0,0.8437,0,191.0673,0,150.9435,123.6278,0,-2.3,0.2,137.1589,34.1581,98.7,137.1006,34.1154,89,12.1,60,27.6,2,0,2,0, spo,-1,-1,-1,1.254,7.91,0.1585,
2023/08/24, 16:36:47,60180.69222,150.946,30.521,0,28.361,0,60.413,0,2.253,0,0.4439,0,0.551,0,0.7554,0,273.293,0,150.9463,147.4404,0,3.4,0.217,136.3524,34.8263,109.4,136.2832,34.8302,97.3,13.7,95,89.5,2,0,2,0, spo,-1,-1,-1,1.137,7.85,0.1448,
2023/08/24, 16:42:13,60180.69599,150.9496,74.814,0,55.499,0,57.461,0,3.005,0,0.3328,0,0.817,0,0.7281,0,122.9981,0,150.9497,117.8356,0,3.4,0.175,136.4075,34.9616,109.6,136.3508,34.9115,103.9,9.6,96,48.8,2,0,2,0, spo,-1,-1,-1,1.686,7.84,0.215,
2023/08/24, 16:52:33,60180.70316,150.9565,72.247,0,48.855,0,67.553,0,-3.796,0,-0.2634,0,0.886,0,1.2335,0,140.9541,0,150.9567,133.9566,0,-0.8,0.1,138.3068,36.5793,98,138.2531,36.5469,92.8,8,149,48.9,3,0,3,0, spo,-1,-1,-1,1.551,7.7,0.2015,
2023/08/24, 16:54:42,60180.70466,150.958,63.716,0,51.164,0,54.767,0,1.348,0,0.7419,0,0.879,0,0.3479,0,119.6073,0,150.9581,122.9998,0,0,0.133,136.5789,35.5681,102.5,136.5345,35.5381,97.3,7.5,321,10.4,2,0,2,0, spo,-1,-1,-1,1.424,7.79,0.1829,
2023/08/24, 16:55:43,60180.70536,150.9586,48.391,0,40.336,0,66.342,0,8.121,0,0.1231,0,0.997,0,0.8772,0,193.9593,0,150.9589,142.8143,0,-0.7,0.267,137.8419,36.3749,108,137.7376,36.3436,93.2,17.9,202,60.8,3,0,3,0, spo,-1,-1,-1,1.215,7.72,0.1574,
2023/08/24, 16:55:56,60180.70551,150.9588,312.899,0,21.4,0,157.768,0,-0.035,0,-28.3432,0,0.646,0,19.297,0,231.7016,0,150.9587,63.7204,0,0.3,0.2,134.1493,34.5021,101.7,134.3299,34.5129,84.1,24.4,15,7.2,2,0,2,0, spo,-1,-1,-1,1.378,7.88,0.1749,
2023/08/24, 16:58:34,60180.70734,150.9606,25.111,0,23.997,0,50.395,0,1.026,0,0.9745,0,0.195,0,0.81,0,323.4832,0,150.9608,140.9115,0,-1,0.25,136.5293,35.4999,105.9,136.4736,35.5215,91.6,15.4,351,58.6,2,0,2,0, spo,-1,-1,-1,1.078,7.79,0.1384,
2023/08/24, 16:58:34,60180.70735,150.9606,24.272,0,23.18,0,62.738,0,15.48,0,0.0646,0,0.43,0,0.9722,0,279.5874,0,150.961,150.8033,0,-3.1,0.367,136.5523,35.4924,110.8,136.4696,35.529,88.9,23.6,42,62.6,4,0,4,0, spo,-1,-1,-1,1.077,7.79,0.1383,
2023/08/24, 17:10:27,60180.71559,150.9685,60.695,0,43.887,0,60.952,0,1.898,0,0.5269,0,0.967,0,0.4904,0,150.2721,0,150.9688,138.2938,0,-0.7,0.117,136.8407,36.2019,110.9,136.7919,36.181,105.1,7.7,179,84.1,4,0,4,0, spo,-1,-1,-1,1.328,7.73,0.1717,
2023/08/24, 17:10:51,60180.71588,150.9688,68.553,0,24.055,0,63.246,0,1.564,0,0.6393,0,0.865,0,0.4469,0,122.2072,0,150.972,176.0454,0,0.5,0.133,137.9121,36.2841,102.7,137.8408,36.2796,97.7,8.2,255,4.8,2,0,2,0, spo,-1,-1,-1,1.649,7.72,0.2135,
2023/08/24, 17:11:42,60180.71646,150.9693,43.859,0,20.417,0,68.262,0,7.613,0,0.1314,0,0.835,0,0.8903,0,230.9086,0,150.9713,173.4572,0,-0.4,0.133,137.6618,35.9202,111.6,137.6051,35.9337,103.8,9.5,203,86.9,4,0,4,0, spo,-1,-1,-1,1.22,7.75,0.1573,
2023/08/24, 17:18:42,60180.72133,150.974,45.655,0,1.488,0,68.134,0,-12.48,0,-0.0801,0,0.797,0,1.0638,0,53.959,0,330.9736,151.9683,0,-3.2,0.501,135.886,36.3018,111.7,135.6566,36.437,89.1,34.4,41,18.5,3,0,3,0, spo,-1,-1,-1,1.524,7.71,0.1977,
2023/08/24, 17:22:54,60180.72425,150.9769,16.772,0,71.101,0,39.891,0,1.485,0,0.6735,0,1.002,0,0.3252,0,195.5687,0,150.9768,77.5221,0,0.7,0.133,137.9729,37.267,94.7,137.9703,37.2366,89.6,6.2,281,17.1,2,0,2,0, spo,-1,-1,-1,1.199,7.63,0.1571,
2023/08/24, 17:22:56,60180.72426,150.9769,72.139,0,4.612,0,67.164,0,9.463,0,0.1057,0,0.932,0,0.9015,0,326.7,0,330.9765,148.6805,0,-1.8,0.534,141.0556,38.4176,113,140.7043,38.5041,95.6,37,89,70.1,2,0,2,0, spo,-1,-1,-1,2.127,7.51,0.2833,
2023/08/24, 17:23:00,60180.72432,150.9769,357.318,0,-4.323,0,40.756,0,4.319,0,0.2316,0,0.091,0,0.9789,0,147.0351,0,330.9782,9.4818,0,0.3,0.167,138.3838,36.6425,89.7,138.4015,36.6801,84.7,6.8,188,66,3,0,3,0, spo,-1,-1,-1,1.346,7.69,0.1751,
2023/08/24, 17:23:17,60180.72451,150.9771,57.755,0,-11.241,0,58.921,0,2.426,0,0.4122,0,0.952,0,0.6075,0,32.2365,0,330.977,124.6577,0,-1.1,0.534,139.4025,36.5914,115.3,139.1801,36.7375,102.1,29.2,55,59.6,2,0,2,0, spo,-1,-1,-1,2.23,7.68,0.2903,
2023/08/24, 17:28:16,60180.72797,150.9804,33.347,0,28.961,0,65.991,0,18.187,0,0.055,0,0.711,0,0.9609,0,246.7431,0,150.9808,151.3248,0,-2.1,0.267,140.3552,35.7741,107.9,140.299,35.7889,90,18.7,102,18.5,2,0,2,0, spo,-1,-1,-1,1.047,7.77,0.1348,
2023/08/24, 17:29:00,60180.72848,150.9809,1.505,0,-4.772,0,19.773,0,0.856,0,1.1686,0,0.279,0,0.6741,0,142.9839,0,330.9835,4.8894,0,3.8,0.567,136.3195,34.6293,93.6,136.3398,34.698,83.3,13.1,125,29.8,2,0,2,0, spo,-1,-1,-1,1.258,7.86,0.1601,
2023/08/24, 17:37:15,60180.7342,150.9865,53.76,0,41.924,0,64.957,0,4.101,0,0.2439,0,1.011,0,0.7535,0,178.8016,0,150.9867,141.6886,0,2.6,0.317,136.4822,34.7799,116.9,136.3722,34.7373,98.9,21.2,113,68.6,2,0,2,0, spo,-1,-1,-1,1.184,7.86,0.1506,
2023/08/24, 17:43:47,60180.73875,150.9908,45.25,0,-3.6,0,65.993,0,-26.925,0,-0.0371,0,0.767,0,1.0285,0,58.4053,0,330.9905,142.4272,0,-2.2,0.417,138.7113,37.7647,112.2,138.565,37.9091,93.8,27.9,164,28.3,2,0,2,0, spo,-1,-1,-1,1.512,7.57,0.1998,
2023/08/24, 17:52:06,60180.74452,150.9964,49.807,0,18.273,0,72.019,0,-7.69,0,-0.13,0,0.945,0,1.1229,0,28.8271,0,330.8417,179.9186,0,-0.4,0.15,136.7676,35.5065,104.7,136.7081,35.5262,95.7,10.8,280,55.7,2,0,2,0, spo,-1,-1,-1,1.2,7.79,0.154,
2023/08/24, 17:55:52,60180.74714,150.9989,63.283,0,-7.722,0,65.504,0,-81.795,0,-0.0122,0,1.009,0,1.0123,0,4.9072,0,330.9987,132.1264,0,2.2,0.133,136.5158,34.8853,111.1,136.45,34.9243,106.7,8.7,122,15.1,2,0,2,0, spo,-1,-1,-1,1.998,7.84,0.2548,
2023/08/24, 17:56:38,60180.74766,150.9994,259.202,0,68.481,0,21.943,0,2.171,0,0.4606,0,1.009,0,0.5352,0,173.9155,0,150.9991,36.6227,0,-2.5,1.735,140.388,37.2315,90.2,140.5194,36.9188,70.7,41.8,57,8.1,2,0,2,0, spo,-1,-1,-1,2.138,7.66,0.279,
2023/08/24, 18:04:31,60180.75314,151.0047,91.978,0,29.532,0,57.678,0,1.822,0,0.5488,0,0.268,0,0.8527,0,53.4168,0,151.0054,162.8187,0,2.7,0.192,136.2946,34.7627,109.7,136.196,34.738,104,11.1,138,27,2,0,2,0, spo,-1,-1,-1,1.975,7.86,0.2514,
2023/08/24, 18:04:59,60180.75347,151.005,74.405,0,4.596,0,66.808,0,10.134,0,0.0987,0,0.895,0,0.9117,0,319.3734,0,331.0047,147.68,0,-2.5,0.434,140.0887,37.1397,114.5,139.8405,37.2214,98.2,29.2,46,52.7,3,0,3,0, spo,-1,-1,-1,1.797,7.63,0.2354,
2023/08/24, 18:05:26,60180.75378,151.0053,66.827,0,11.024,0,68.633,0,6.545,0,0.1528,0,0.982,0,0.8499,0,339.7292,0,331.0047,161.5149,0,-0.8,0.4,137.596,34.4912,106.9,137.3943,34.5464,88.5,27,191,12.4,2,0,2,0, spo,-1,-1,-1,1.475,7.87,0.1873,
2023/08/24, 18:11:53,60180.75825,151.0096,52.882,0,9.115,0,69.416,0,17.349,0,0.0576,0,0.948,0,0.9453,0,29.2723,0,331.0089,163.0749,0,-3,0.367,137.6887,35.1822,115,137.5485,35.2672,93.9,26.6,109,74.6,5,0,5,0, spo,-1,-1,-1,1.261,7.81,0.1614,
2023/08/24, 18:12:14,60180.7585,151.0099,28.061,0,20.146,0,58.673,0,1.967,0,0.5083,0,0.347,0,0.8238,0,297.05,0,151.0105,159.4196,0,3.1,0.184,136.4111,34.5775,100.6,136.3988,34.6018,89.6,11.3,139,37.2,2,0,2,0, spo,-1,-1,-1,1.037,7.87,0.1317,
2023/08/24, 18:13:10,60180.75914,151.0105,55.567,0,32.687,0,60.697,0,1.283,0,0.7792,0,1.01,0,0.2129,0,185.9404,0,151.011,155.8956,0,2.6,0.4,136.5592,34.7169,116,136.435,34.707,93.7,25.1,133,35.1,2,0,2,0, spo,-1,-1,-1,1.13,7.86,0.1437,
2023/08/24, 18:16:11,60180.76125,151.0125,342.464,0,-8.53,0,27.906,0,2.459,0,0.4067,0,0.385,0,0.8434,0,110.6902,0,331.0236,1.1336,0,0.4,0.433,136.7684,34.382,100.9,136.8518,34.4406,93.9,12.4,184,11.4,2,0,2,0, spo,-1,-1,-1,1.747,7.88,0.2216,
2023/08/24, 18:20:32,60180.76426,151.0154,109.443,0,27.479,0,54.338,0,5.239,0,0.1909,0,0.051,0,0.9903,0,24.6801,0,151.0158,148.3251,0,1.9,0.667,136.7711,34.7083,115.9,136.4016,34.5929,102.6,39.1,209,3.9,2,0,2,0, spo,-1,-1,-1,2.979,7.87,0.3785,
2023/08/24, 18:22:45,60180.76581,151.0169,21.451,0,56.823,0,54.095,0,4.951,0,0.202,0,0.925,0,0.8131,0,215.8204,0,151.017,102.6221,0,-1.9,0.117,136.3814,35.962,93.3,136.3832,35.9411,87.2,6.6,43,57,2,0,2,0, spo,-1,-1,-1,1.07,7.75,0.138,
2023/08/24, 18:27:01,60180.76877,151.0198,19.727,0,62.911,0,53.763,0,42.831,0,0.0233,0,0.977,0,0.9772,0,201.4011,0,151.0198,97.0139,0,-1.9,0.45,139.6579,35.5254,103.7,139.6756,35.4256,82.2,24.3,53,39.7,2,0,2,0, spo,-1,-1,-1,1.13,7.8,0.1448,
2023/08/24, 18:28:28,60180.76978,151.0207,70.811,0,35.886,0,66.734,0,5.275,0,0.1896,0,0.868,0,0.8355,0,133.4824,0,151.0212,155.2201,0,-1.4,0.267,137.532,35.1581,112.3,137.4214,35.135,97.3,18.4,123,66.1,4,0,4,0, spo,-1,-1,-1,1.226,7.82,0.1567,
2023/08/24, 18:35:42,60180.7748,151.0256,43.903,0,15.052,0,65.008,0,2.584,0,0.387,0,0.748,0,0.7105,0,68.0481,0,331.0216,176.8612,0,0,0.133,137.9592,36.261,107.3,137.9354,36.2879,99.2,9,223,54.3,3,0,3,0, spo,-1,-1,-1,1.101,7.72,0.1426,
2023/08/24, 18:39:15,60180.77726,151.028,61.913,0,41.285,0,63.408,0,2.483,0,0.4028,0,0.968,0,0.6103,0,152.4512,0,151.0283,143.901,0,-0.1,0.2,136.9574,34.4183,110.1,136.8998,34.3963,98.1,13.3,196,84.8,2,0,2,0, spo,-1,-1,-1,1.119,7.89,0.1419,
2023/08/24, 18:45:10,60180.78137,151.0319,53.867,0,-4.145,0,65.414,0,9.642,0,0.1037,0,0.926,0,0.904,0,34.6649,0,331.0316,139.702,0,-1.7,0.417,137.5288,35.2665,110.6,137.4115,35.4141,90.3,28.4,109,82.5,5,0,5,0, spo,-1,-1,-1,1.401,7.8,0.1796,
2023/08/24, 18:46:16,60180.78214,151.0327,56.754,0,-9.565,0,64.239,0,28.764,0,0.0348,0,0.96,0,0.9666,0,26.2837,0,331.0325,130.3023,0,-3.1,0.651,137.3955,35.2146,112.5,137.203,35.4564,85.6,42.3,109,58.6,9,0,9,0, spo,-1,-1,-1,1.569,7.8,0.2013,
2023/08/24, 18:46:41,60180.78243,151.0329,56.747,0,32.561,0,45.827,0,0.623,0,1.6059,0,0.234,0,0.6237,0,0.3673,0,151.0333,147.4298,0,0.3,0.184,137.5355,36.2127,109.3,137.4957,36.214,99.7,10.2,264,61.8,2,0,2,0, spo,-1,-1,-1,1.072,7.73,0.1387,
2023/08/24, 18:48:30,60180.78369,151.0341,92.283,0,53.186,0,520.546,0,-0.004,0,-278.4034,0,0.897,0,250.8658,0,152.5294,0,151.0345,144.3106,0,-3.5,0.2,145.7132,45.1142,731.8,144.9019,44.7375,608.2,149.6,160,48.6,3,0,3,0, spo,-1,-1,-1,1.21,6.76,0.1789,
2023/08/24, 18:59:13,60180.79113,151.0413,36.631,0,67.201,0,51.64,0,4.042,0,0.2474,0,1.011,0,0.7499,0,179.8633,0,151.0414,96.5553,0,0.4,0.167,136.7625,34.6915,105.5,136.7604,34.6491,98,8.9,178,70,2,0,2,0, spo,-1,-1,-1,1.183,7.87,0.1504,
2023/08/24, 19:00:20,60180.7919,151.0421,54.394,0,27.334,0,68.261,0,4.299,0,0.2326,0,1.003,0,0.7667,0,191.2061,0,151.043,166.5071,0,-1.4,0.317,140.1465,35.0475,113.4,140.0887,35.068,93.1,21.1,48,37.6,4,0,4,0, spo,-1,-1,-1,1.042,7.83,0.1331,
2023/08/24, 19:04:17,60180.79464,151.0447,107.649,0,21.018,0,55.34,0,6.205,0,0.1612,0,0.052,0,0.9916,0,205.1834,0,331.0432,171.7093,0,-0.5,0.333,136.9904,34.5532,95.5,136.8139,34.5316,87.1,18.6,181,11.3,2,0,2,0, spo,-1,-1,-1,2.237,7.88,0.284,
2023/08/24, 19:08:23,60180.79749,151.0475,62.27,0,78.292,0,48.416,0,13.95,0,0.0717,0,0.965,0,0.9308,0,154.9187,0,151.0474,84.6361,0,-2.2,0.3,137.9283,34.7267,99.6,137.9139,34.6359,89.1,14.7,51,71.4,3,0,3,0, spo,-1,-1,-1,1.399,7.87,0.1778,
2023/08/24, 19:09:28,60180.79825,151.0482,59.983,0,-12.291,0,62.441,0,11.08,0,0.0902,0,0.987,0,0.9109,0,18.2381,0,331.048,124.8314,0,0,0.217,139.0523,36.8056,108.4,138.9987,36.8931,99.9,13.9,80,45.4,2,0,2,0, spo,-1,-1,-1,1.644,7.67,0.2144,
2023/08/24, 19:11:07,60180.79939,151.0493,45.929,0,27.082,0,43.597,0,0.601,0,1.6645,0,0.142,0,0.7635,0,350.1158,0,151.0497,151.1378,0,0.6,0.167,138.7704,36.7244,108.9,138.7567,36.7404,97.8,11.4,249,68.5,2,0,2,0, spo,-1,-1,-1,1.02,7.68,0.1328,
2023/08/24, 19:22:20,60180.80719,151.0568,56.641,0,41.224,0,75.416,0,-1.367,0,-0.7314,0,1.008,0,1.7374,0,174.6103,0,151.0571,146.8597,0,-2.4,0.217,139.7009,37.7508,113.6,139.6597,37.737,93.5,20.5,32,71.8,3,0,3,0, spo,-1,-1,-1,1.02,7.58,0.1346,
2023/08/25, 09:50:50,60181.4103,151.6383,215.692,0,69.779,0,21.431,0,1.87,0,0.5347,0,0.954,0,0.4897,0,146.0836,0,151.638,35.0377,0,-3.2,1.133,142.3312,37.3162,84.2,142.4037,37.1691,61.9,28.4,3,4.8,2,0,2,0, spo,-1,-1,-1,1.274,7.69,0.1658,
2023/08/25, 10:19:14,60181.43003,151.6573,225.431,0,18.019,0,8.342,0,1.977,0,0.5058,0,1.003,0,0.4925,0,167.7626,0,151.6557,7.3532,0,0.7,0.3,140.5979,36.8436,74.5,140.621,36.8485,71.2,4,40,56.2,2,0,2,0, spo,-1,-1,-1,1.183,7.72,0.1533,
2023/08/25, 10:22:00,60181.43196,151.6591,243.473,0,63.008,0,19.994,0,2.478,0,0.4036,0,1.002,0,0.5956,0,167.6085,0,151.6588,31.6959,0,-1.2,1.2,138.3365,35.6831,97,138.3904,35.554,69.2,31.6,40,89.8,7,0,7,0, spo,-1,-1,-1,1.14,7.83,0.1455,
2023/08/25, 10:23:03,60181.43268,151.6599,300.399,0,45.412,0,23.563,0,3.933,0,0.2542,0,0.922,0,0.7656,0,217.1616,0,151.6595,34.0932,0,-4.5,1.201,140.3221,38.5356,95.5,140.1964,38.4868,66.8,31.2,3,89.4,2,0,2,0, spo,-1,-1,-1,1.09,7.56,0.1442,
2023/08/25, 10:24:26,60181.43364,151.6608,297.584,0,67.5,0,26.6,0,2.295,0,0.4357,0,0.996,0,0.566,0,196.4496,0,151.6606,45.258,0,-0.7,0.3,136.5482,36.691,80.3,136.5285,36.6501,73.1,8.7,44,8.6,2,0,2,0, spo,-1,-1,-1,1.212,7.73,0.1567,
2023/08/25, 10:30:18,60181.43772,151.6647,322.255,0,62.638,0,34.125,0,3.845,0,0.2601,0,0.937,0,0.7562,0,213.7796,0,151.6646,56.7766,0,0.7,0.433,139.8613,35.8915,98.6,139.7969,35.8129,86.1,16.4,16,30.8,2,0,2,0, spo,-1,-1,-1,1.314,7.81,0.1682,
2023/08/25, 10:54:06,60181.45424,151.6806,327.006,0,56.555,0,34.535,0,3.824,0,0.2615,0,0.871,0,0.7721,0,226.8953,0,151.6805,56.5822,0,-1,0.334,140.0006,37.4862,102.9,139.9409,37.4368,92.8,12.7,6,5.8,2,0,2,0, spo,-1,-1,-1,1.259,7.66,0.1644,
2023/08/25, 10:57:32,60181.45662,151.6829,295.702,0,2.936,0,9.192,0,1.69,0,0.5916,0,0.936,0,0.446,0,220.416,0,151.6811,6.2312,0,0.9,0.117,139.0022,34.9829,79,138.9966,34.9893,77.5,1.8,76,33.8,2,0,2,0, spo,-1,-1,-1,1.161,7.88,0.1474,
2023/08/25, 11:03:56,60181.46107,151.6872,175.936,0,50.801,0,28.804,0,10.063,0,0.0994,0,0.749,0,0.9256,0,117.44,0,151.6869,34.3539,0,-1.3,0.967,136.2402,36.4548,103,136.4402,36.272,90.4,30.2,38,78.4,5,0,5,0, spo,-1,-1,-1,2.376,7.77,0.3059,
2023/08/25, 11:08:17,60181.46409,151.6901,268.044,0,53.36,0,16.166,0,2.09,0,0.4784,0,1.007,0,0.5182,0,188.4924,0,151.6897,25.5901,0,1.4,0.633,138.6466,36.6678,91.4,138.6578,36.6393,80.1,11.7,60,69.5,2,0,2,0, spo,-1,-1,-1,1.042,7.73,0.1348,
2023/08/25, 11:18:47,60181.47138,151.6972,327.31,0,58.612,0,32.784,0,2.581,0,0.3875,0,0.885,0,0.6572,0,226.7317,0,151.697,55.336,0,1.2,0.1,137.8665,35.8355,91.3,137.8512,35.8199,88.4,3.7,150,7.1,2,0,2,0, spo,-1,-1,-1,1.253,7.81,0.1605,
2023/08/25, 11:24:19,60181.47523,151.7009,322.577,0,3.204,0,20.288,0,2.551,0,0.392,0,0.677,0,0.7345,0,257.2602,0,151.6998,10.7122,0,1.3,0.567,136.8184,34.5758,90.6,136.7274,34.618,81.5,13.3,87,73.3,2,0,2,0, spo,-1,-1,-1,1.464,7.91,0.185,
2023/08/25, 11:29:29,60181.47882,151.7043,150.098,0,68.827,0,39.724,0,10.699,0,0.0935,0,0.743,0,0.9305,0,116.7664,0,151.7042,61.9386,0,-0.1,0.567,140.7526,37.4414,103.6,140.8147,37.2545,94.6,23.6,60,16.1,2,0,2,0, spo,-1,-1,-1,2.606,7.68,0.3394,
2023/08/25, 11:30:06,60181.47924,151.7047,259.659,0,-11.565,0,7.95,0,2.3,0,0.4348,0,1.003,0,0.5639,0,191.9908,0,151.7,2.4611,0,-2,1.401,135.1113,37.0769,70.7,135.1693,37.1774,56.3,19.1,38,4.5,2,0,2,0, spo,-1,-1,-1,1.318,7.69,0.1714,
2023/08/25, 11:36:59,60181.48402,151.7094,269.12,0,61.954,0,23.632,0,3.941,0,0.2538,0,1.01,0,0.7437,0,183.8943,0,151.7091,37.0434,0,0.8,0.284,137.8267,35.8214,93.8,137.8368,35.7897,86.5,8.2,65,5.9,2,0,2,0, spo,-1,-1,-1,1.117,7.81,0.1431,
2023/08/25, 11:45:36,60181.49001,151.7151,91.932,0,72.42,0,50.657,0,20.335,0,0.0492,0,0.86,0,0.9577,0,133.9866,0,151.7151,89.3525,0,-2.1,0.701,137.3819,38.0119,109.4,137.3467,37.7134,96,36.3,32,24.2,2,0,2,0, spo,-1,-1,-1,2.693,7.63,0.3528,
2023/08/25, 12:05:17,60181.50367,151.7283,258.707,0,62.43,0,36.17,0,-1.406,0,-0.7111,0,1.01,0,1.7183,0,177.3859,0,151.7281,47.4097,0,0.1,0.6,137.8718,34.8751,108.5,137.9279,34.7799,90.8,21.3,109,0.6,2,0,2,0, spo,-1,-1,-1,1.202,7.9,0.1522,
2023/08/25, 12:10:59,60181.50763,151.7321,326.946,0,-27.221,0,5.485,0,1.125,0,0.8892,0,0.893,0,0.2062,0,71.5749,0,331.7371,2.333,0,0.8,0.65,138.6395,36.076,76.9,138.6038,36.1222,71.8,8,63,81.5,3,0,3,0, spo,-1,-1,-1,1.567,7.78,0.2014,
2023/08/25, 12:12:54,60181.50896,151.7334,333.02,0,17.491,0,38.884,0,-3.073,0,-0.3254,0,0.454,0,1.1477,0,271.7711,0,151.7331,36.766,0,0.5,0.167,139.5754,36.7676,73.2,139.523,36.7832,66.6,8.3,41,4,2,0,2,0, spo,-1,-1,-1,1.258,7.72,0.163,
2023/08/25, 12:27:00,60181.51875,151.7428,342.426,0,2.897,0,26.417,0,1.707,0,0.5859,0,0.37,0,0.7834,0,296.3517,0,151.7418,10.5796,0,-0.5,0.367,138.4164,34.7708,89.8,138.3447,34.8017,83.5,9.8,75,42.5,3,0,3,0, spo,-1,-1,-1,1.555,7.9,0.1969,
2023/08/25, 12:29:45,60181.52067,151.7447,355.437,0,63.933,0,42.542,0,2.884,0,0.3467,0,0.92,0,0.681,0,218.9302,0,151.7446,76.6695,0,-0.4,0.384,138.8608,37.6198,95,138.7914,37.536,82.3,17,33,72.9,2,0,2,0, spo,-1,-1,-1,1.335,7.65,0.1745,
2023/08/25, 12:41:24,60181.52876,151.7525,359.26,0,1.475,0,41.633,0,3.138,0,0.3186,0,0.057,0,0.9819,0,334.8106,0,151.7508,6.9462,0,-0.5,0.417,140.6426,36.8757,100,140.4805,36.9267,91.2,18.1,57,1.5,2,0,2,0, spo,-1,-1,-1,2.044,7.71,0.2651,
2023/08/25, 12:49:31,60181.53439,151.7579,267.832,0,63.52,0,21.675,0,2.551,0,0.3921,0,1.011,0,0.6038,0,182.4514,0,151.7576,35.236,0,1.9,0.4,137.8725,35.8057,97.1,137.8976,35.7626,88.8,9.8,186,6.9,2,0,2,0, spo,-1,-1,-1,1.192,7.81,0.1525,
2023/08/25, 12:58:04,60181.54033,151.7637,315.574,0,31.423,0,18.561,0,1.706,0,0.5861,0,0.793,0,0.535,0,247.5083,0,151.7632,24.1208,0,2.2,0.167,139.4818,34.8048,85.5,139.477,34.8063,82,3.5,92,8,2,0,2,0, spo,-1,-1,-1,1.01,7.9,0.1279,
2023/08/25, 12:59:09,60181.54108,151.7644,32.885,0,34.033,0,65.32,0,33.857,0,0.0295,0,0.755,0,0.9777,0,240.7787,0,151.7646,142.6349,0,-0.8,0.734,137.5474,35.8242,115.1,137.1061,35.6377,97.1,49.1,87,88.2,9,0,9,0, spo,-1,-1,-1,2.727,7.82,0.3485,
2023/08/25, 13:01:38,60181.5428,151.766,278.914,0,74.074,0,47861.188,0,0,0,-2581705,0,1.011,0,2608905,0,178.5211,0,151.7661,97.8966,0,-8.3,0.434,118.4364,72.1858,59114.4,120.8855,63.2073,18421.2,41186.1,45,87.9,2,0,2,0, spo,-1,-1,-1,1.002, -1.#J, -1.#IND,
2023/08/25, 13:01:55,60181.543,151.7662,264.874,0,47.673,0,20.453,0,9.627,0,0.1039,0,1.007,0,0.8954,0,187.1708,0,151.7659,28.3462,0,-3.3,0.968,135.1751,37.7185,87.9,135.2713,37.668,68.4,22.1,26,14.1,2,0,2,0, spo,-1,-1,-1,1.128,7.64,0.1477,
2023/08/25, 13:01:55,60181.54301,151.7662,292.596,0,42.134,0,13.048,0,1.551,0,0.6445,0,0.956,0,0.3836,0,216.3702,0,151.7657,19.9859,0,-6.6,0.617,135.359,37.6008,79.1,135.3717,37.5934,69.1,10.1,19,4.8,2,0,2,0, spo,-1,-1,-1,1.009,7.65,0.132,
2023/08/25, 13:12:50,60181.55059,151.7735,355.698,0,-1.719,0,39.379,0,3.734,0,0.2678,0,0.11,0,0.9707,0,324.1068,0,151.7427,0.3761,0,0,0.817,139.8073,36.6494,106.2,139.5449,36.7839,86.7,34.3,57,68.3,2,0,2,0, spo,-1,-1,-1,1.757,7.72,0.2276,
2023/08/25, 13:16:53,60181.55339,151.7762,260.467,0,63.74,0,23.55,0,3.821,0,0.2617,0,1.011,0,0.7356,0,177.7499,0,151.776,36.9639,0,2.2,1.034,136.4528,34.8866,112.6,136.5416,34.7546,91.5,27,117,2.5,2,0,2,0, spo,-1,-1,-1,1.283,7.9,0.1624,
2023/08/25, 13:21:27,60181.55657,151.7793,351.512,0,58.48,0,43.955,0,4.683,0,0.2135,0,0.853,0,0.8179,0,229.3017,0,151.7793,76.8919,0,2.4,0.275,136.412,34.586,96.1,136.3652,34.5332,86,12.6,115,33.5,2,0,2,0, spo,-1,-1,-1,1.235,7.92,0.156,
2023/08/25, 13:27:51,60181.56101,151.7836,11.273,0,-15.08,0,19.736,0,0.823,0,1.2148,0,0.29,0,0.6475,0,144.4896,0,331.7842,17.6976,0,0.6,0.267,134.3806,34.1504,86.8,134.3294,34.1737,84.9,5.8,68,2.3,2,0,2,0, spo,-1,-1,-1,3.084,7.95,0.3881,
2023/08/25, 13:28:46,60181.56165,151.7842,62.642,0,48.632,0,61.93,0,3.249,0,0.3078,0,0.964,0,0.7034,0,152.5005,0,151.7844,131.7031,0,-0.9,0.601,141.3174,36.8924,112.3,141.0508,36.6555,100.4,38,74,23.4,2,0,2,0, spo,-1,-1,-1,3.172,7.73,0.4102,
2023/08/25, 13:34:28,60181.56561,151.788,26.738,0,5.066,0,60.668,0,10.011,0,0.0999,0,0.252,0,0.9749,0,121.4291,0,331.7873,163.5013,0,-1.2,0.551,136.1501,38.3925,102.9,135.7793,38.4243,93.1,34.5,36,28,2,0,2,0, spo,-1,-1,-1,3.507,7.57,0.4635,
2023/08/25, 13:35:30,60181.56633,151.7887,1.135,0,-20.474,0,38.35,0,6.001,0,0.1666,0,0.255,0,0.9574,0,121.8536,0,331.789,37.1779,0,-0.1,0.851,139.5957,34.0671,104,139.3545,34.2684,90.8,34.6,86,13.7,3,0,3,0, spo,-1,-1,-1,2.611,7.94,0.3289,
2023/08/25, 13:38:21,60181.5683,151.7906,310.562,0,4.176,0,16.402,0,2.639,0,0.3789,0,0.815,0,0.6913,0,238.3031,0,151.7895,10.0536,0,2.9,0.3,139.5723,34.9359,81.9,139.5784,34.9602,76.8,5.9,85,40,2,0,2,0, spo,-1,-1,-1,1.136,7.88,0.1441,
2023/08/25, 13:38:59,60181.56874,151.791,306.485,0,-8.775,0,12.28,0,2.084,0,0.4798,0,0.876,0,0.5798,0,230.5023,0,151.7878,3.5755,0,-1.1,0.067,137.369,33.3307,68.7,137.3704,33.3367,67.8,1.2,62,68.4,2,0,2,0, spo,-1,-1,-1,1.25,8.01,0.156,
2023/08/25, 13:40:29,60181.56979,151.7921,347.247,0,-10.713,0,28.082,0,2.067,0,0.4838,0,0.351,0,0.8303,0,116.0681,0,331.7941,5.7552,0,-0.4,0.4,137.6765,35.807,87.1,137.5912,35.8931,77.7,15.6,79,89.6,8,0,8,0, spo,-1,-1,-1,1.666,7.8,0.2136,
2023/08/25, 13:40:56,60181.57009,151.7923,78.279,0,61.094,0,56.58,0,5.856,0,0.1708,0,0.843,0,0.856,0,129.8506,0,151.7924,109.2967,0,-0.8,0.417,137.2026,36.7762,107.1,137.092,36.592,99.1,24.4,14,32.9,2,0,2,0, spo,-1,-1,-1,3.064,7.74,0.3959,
2023/08/25, 13:41:52,60181.57075,151.793,33.72,0,48.36,0,60.32,0,5.575,0,0.1794,0,0.917,0,0.8356,0,217.3434,0,151.7931,121.7156,0,1.2,0.284,137.212,35.7412,114.6,137.0853,35.6584,104.6,18,211,15.6,2,0,2,0, spo,-1,-1,-1,1.8,7.82,0.2301,
2023/08/25, 13:50:21,60181.57664,151.7987,255.501,0,59.674,0,19.284,0,2.585,0,0.3869,0,1.01,0,0.6091,0,176.7582,0,151.7983,30.4185,0,1.3,0.501,137.2778,36.4764,91.9,137.3228,36.4292,84.5,10,82,63.1,2,0,2,0, spo,-1,-1,-1,1.346,7.75,0.1736,
2023/08/25, 13:52:39,60181.57824,151.8002,283.893,0,23.266,0,12.601,0,2.407,0,0.4154,0,0.966,0,0.5987,0,208.1589,0,151.7994,14.2859,0,1.6,0.783,139.7822,35.7462,84.7,139.8507,35.7568,73.3,13.1,23,27.9,2,0,2,0, spo,-1,-1,-1,1.143,7.81,0.1463,
2023/08/25, 13:54:20,60181.57941,151.8013,10.702,0,82.296,0,39.55,0,2.713,0,0.3685,0,1.004,0,0.6301,0,168.9332,0,151.8013,70.6932,0,-0.2,0.667,140.4757,37.5327,101.4,140.4435,37.3596,83,27,64,76.9,4,0,4,0, spo,-1,-1,-1,1.461,7.67,0.1905,
2023/08/25, 13:57:23,60181.58152,151.8034,341.742,0,-7.673,0,43.638,0,-1.319,0,-0.7583,0,0.277,0,1.21,0,289.0347,0,151.6944,0.1063,0,0.2,0.217,137.2891,36.3853,87.6,137.2584,36.4289,82.5,7.6,52,9.5,2,0,2,0, spo,-1,-1,-1,1.49,7.75,0.1921,
2023/08/25, 14:01:05,60181.58409,151.8058,3.787,0,-13.55,0,42.608,0,7.522,0,0.1329,0,0.134,0,0.9822,0,138.6234,0,331.8061,42.4192,0,0.4,0.7,137.5942,35.8895,99.3,137.3739,36.0536,85.2,30.8,257,83.6,2,0,2,0, spo,-1,-1,-1,2.179,7.79,0.2798,
2023/08/25, 14:03:44,60181.58593,151.8076,346.375,0,29.711,0,36.417,0,2.144,0,0.4664,0,0.376,0,0.8247,0,292.9583,0,151.8075,53.1503,0,-0.4,0.1,136.8798,34.8426,100.7,136.8638,34.844,96.9,4,208,17.9,2,0,2,0, spo,-1,-1,-1,1.078,7.89,0.1366,
2023/08/25, 14:07:06,60181.58827,151.8099,16.569,0,37.841,0,63.237,0,-2.756,0,-0.3628,0,0.635,0,1.2304,0,250.9756,0,151.81,121.4026,0,-0.7,0.35,138.3135,37.0413,124.7,138.1236,36.9919,104.2,27.3,60,17.4,4,0,4,0, spo,-1,-1,-1,1.336,7.7,0.1735,
2023/08/25, 14:12:07,60181.59175,151.8132,336.027,0,-7.746,0,22.975,0,2.132,0,0.469,0,0.522,0,0.755,0,277.0965,0,151.8064,1.7005,0,2.7,0.534,139.6402,34.827,93.3,139.6156,34.9005,83.5,13,100,39,2,0,2,0, spo,-1,-1,-1,1.333,7.89,0.169,
2023/08/25, 14:12:46,60181.59221,151.8137,218.828,0,46.437,0,17.152,0,3.605,0,0.2774,0,0.974,0,0.7299,0,155.8473,0,151.8132,22.043,0,-0.4,1.685,140.1413,34.3914,95.4,140.3685,34.1774,83.4,34.2,104,9.8,3,0,3,0, spo,-1,-1,-1,2.818,7.95,0.3546,
2023/08/25, 14:17:13,60181.5953,151.8167,34.683,0,42.161,0,59.897,0,2.616,0,0.3823,0,0.835,0,0.6809,0,235.2505,0,151.8168,129.741,0,0.2,0.3,137.2908,35.0149,111.8,137.1528,34.9496,100.7,18.5,210,52.1,2,0,2,0, spo,-1,-1,-1,1.67,7.88,0.2118,
2023/08/25, 14:17:37,60181.59557,151.8169,283.715,0,39.229,0,13.506,0,1.919,0,0.5212,0,0.976,0,0.4911,0,206.2973,0,151.8163,19.5182,0,1.6,0.267,137.5192,35.8283,83,137.5422,35.8215,78.8,4.7,272,12.5,2,0,2,0, spo,-1,-1,-1,1.133,7.81,0.1451,
2023/08/25, 14:20:41,60181.59771,151.819,347.802,0,31.066,0,41.662,0,4.825,0,0.2072,0,0.39,0,0.9192,0,286.4152,0,151.8189,63.0673,0,-1.2,0.25,140.7087,36.0685,90.7,140.6763,36.0741,80.3,10.8,94,21.4,2,0,2,0, spo,-1,-1,-1,1.042,7.79,0.1339,
2023/08/25, 14:23:32,60181.59968,151.8209,353.526,0,23.738,0,46.812,0,75.471,0,0.0133,0,0.238,0,0.9968,0,302.054,0,151.8208,70.9057,0,3.9,0.184,136.2734,34.729,100.2,136.2334,34.7388,92.4,8.7,126,87.8,2,0,2,0, spo,-1,-1,-1,1.119,7.9,0.1417,
2023/08/25, 14:23:46,60181.59984,151.821,25.781,0,38.311,0,62.862,0,-46.959,0,-0.0213,0,0.714,0,1.0152,0,245.3859,0,151.8212,129.6141,0,-0.1,0.234,139.664,37.3911,109.4,139.5555,37.3605,98.6,14.9,60,75.1,2,0,2,0, spo,-1,-1,-1,1.392,7.67,0.1815,
2023/08/25, 14:26:35,60181.60179,151.8229,330.905,0,-8.343,0,24.079,0,3.635,0,0.2751,0,0.572,0,0.8426,0,267.0827,0,151.8186,2.6554,0,-0.8,0.884,136.6427,35.5722,97.3,136.6219,35.7111,79.8,23.6,97,70.4,4,0,4,0, spo,-1,-1,-1,1.344,7.82,0.1719,
2023/08/25, 14:28:38,60181.60323,151.8243,27.866,0,30.153,0,62.06,0,5.062,0,0.1975,0,0.568,0,0.8878,0,266.1024,0,151.8246,142.3689,0,-0.4,0.234,137.1108,34.7817,100.3,136.9913,34.7597,90.7,14.9,202,27.6,3,0,3,0, spo,-1,-1,-1,1.559,7.9,0.1974,
2023/08/25, 14:28:40,60181.60324,151.8243,53.984,0,70.152,0,53.771,0,18.527,0,0.054,0,0.989,0,0.9466,0,162.6896,0,151.8243,97.4332,0,-0.4,0.434,138.8152,34.3205,112.6,138.728,34.1608,99.1,23.9,91,28.3,4,0,4,0, spo,-1,-1,-1,1.777,7.95,0.2236,
2023/08/25, 14:31:50,60181.60544,151.8264,352.561,0,-7.598,0,24.208,0,1.213,0,0.8244,0,0.319,0,0.7373,0,127.8435,0,331.829,4.4517,0,1.3,0.217,139.1435,35.9107,84.9,139.1204,35.9422,80.9,5.7,44,75.8,2,0,2,0, spo,-1,-1,-1,1.441,7.8,0.1849,
2023/08/25, 14:32:19,60181.60579,151.8268,235.769,0,72.664,0,31.267,0,47.257,0,0.0212,0,0.986,0,0.9791,0,161.8512,0,151.8266,47.7089,0,-3.4,0.501,132.8854,36.3606,82.3,132.9473,36.2263,70.4,20,21,8.5,2,0,2,0, spo,-1,-1,-1,1.677,7.77,0.2157,
2023/08/25, 14:34:19,60181.60716,151.8281,329.561,0,21.159,0,21.114,0,1.524,0,0.6562,0,0.603,0,0.604,0,274.0281,0,151.8276,22.2131,0,1.7,0.334,136.7077,34.9095,85,136.7058,34.9226,78.5,6.7,104,23,2,0,2,0, spo,-1,-1,-1,1.026,7.89,0.1301,
2023/08/25, 14:38:47,60181.61028,151.8311,36.902,0,49.979,0,61.681,0,12.885,0,0.0776,0,0.959,0,0.9256,0,206.8397,0,151.8312,122.2192,0,-0.8,0.384,134.2222,34.674,108,134.0653,34.5665,92.8,24.3,70,9.6,2,0,2,0, spo,-1,-1,-1,1.607,7.92,0.203,
2023/08/25, 14:38:52,60181.61033,151.8311,351.849,0,-18.79,0,32.456,0,3.812,0,0.2623,0,0.336,0,0.9117,0,113.5056,0,331.8317,19.4257,0,0.8,0.167,140.4271,35.8104,93.7,140.4086,35.849,90.5,5.7,141,5.6,2,0,2,0, spo,-1,-1,-1,1.771,7.81,0.2269,
2023/08/25, 14:39:39,60181.61087,151.8317,24.591,0,44.211,0,59.813,0,9.733,0,0.1027,0,0.777,0,0.9201,0,238.8222,0,151.8318,120.0056,0,0.6,0.3,140.0643,35.6513,111.5,139.952,35.6014,97.1,18.6,61,53.4,2,0,2,0, spo,-1,-1,-1,1.296,7.83,0.1656,
2023/08/25, 14:40:03,60181.61116,151.8319,340.816,0,-11.623,0,25.558,0,2.373,0,0.4214,0,0.458,0,0.8072,0,103.0285,0,331.8357,3.1085,0,3.2,0.951,136.5061,34.6009,103,136.452,34.7628,84.4,26.6,135,28.2,2,0,2,0, spo,-1,-1,-1,1.422,7.9,0.1801,
2023/08/25, 14:42:35,60181.61291,151.8336,326.058,0,71.98,0,38.65,0,8.301,0,0.1205,0,0.994,0,0.8803,0,195.4824,0,151.8335,64.5823,0,-1.2,0.467,140.6752,35.4111,100.9,140.6827,35.3146,86,18.4,62,16.7,4,0,4,0, spo,-1,-1,-1,1.239,7.85,0.1578,
2023/08/25, 14:44:51,60181.61448,151.8351,56.742,0,27.392,0,63.516,0,1.576,0,0.6345,0,1.006,0,0.3617,0,190.9066,0,151.836,166.493,0,1.7,0.1,137.4582,35.88,106.3,137.3985,35.8624,104.1,6.2,256,26.2,2,0,2,0, spo,-1,-1,-1,2.912,7.8,0.3732,
2023/08/25, 14:45:19,60181.61481,151.8355,320.225,0,-13.965,0,16.921,0,2.503,0,0.3995,0,0.759,0,0.697,0,246.89,0,151.8198,0.7391,0,0.7,0.901,139.7264,34.7621,93.6,139.7681,34.8756,80.8,18.6,95,18.9,2,0,2,0, spo,-1,-1,-1,1.435,7.89,0.1818,
2023/08/25, 14:45:31,60181.61495,151.8356,41.091,0,59.853,0,58.587,0,23.083,0,0.0433,0,1.008,0,0.9563,0,185.7999,0,151.8357,110.3889,0,-1.6,0.567,137.6069,36.0625,118.7,137.4325,35.8848,96.2,34.1,74,89.2,9,0,9,0, spo,-1,-1,-1,1.517,7.8,0.1945,
2023/08/25, 14:47:57,60181.61664,151.8372,277.644,0,44.91,0,18.366,0,3.575,0,0.2797,0,0.99,0,0.723,0,197.8716,0,151.8368,26.2491,0,-1.2,1.068,139.0343,37.5599,92.6,139.1721,37.4974,75,22.6,25,67.3,6,0,6,0, spo,-1,-1,-1,1.279,7.65,0.1671,
2023/08/25, 14:49:06,60181.61743,151.838,25.947,0,47.776,0,51.855,0,1.532,0,0.6526,0,0.74,0,0.5171,0,257.6514,0,151.8381,110.8886,0,1.5,0.2,136.9491,36.163,109.7,136.8783,36.1247,100.5,12.1,236,35.3,2,0,2,0, spo,-1,-1,-1,1.312,7.78,0.1686,
2023/08/25, 14:51:11,60181.61889,151.8394,23.448,0,59.162,0,55.183,0,12.325,0,0.0811,0,0.954,0,0.9226,0,207.9165,0,151.8394,102.3113,0,0.4,0.167,139.4348,36.7047,109.4,139.3944,36.6639,101.8,9.6,73,58.9,2,0,2,0, spo,-1,-1,-1,1.266,7.73,0.1637,
2023/08/25, 14:55:42,60181.62202,151.8424,340.766,0,-2.189,0,23.805,0,1.659,0,0.603,0,0.435,0,0.7377,0,289.9938,0,151.8402,5.1106,0,2.2,0.417,138.8868,34.9203,93.4,138.8762,34.9783,84.2,11.4,97,13.1,2,0,2,0, spo,-1,-1,-1,1.228,7.88,0.1559,
2023/08/25, 14:58:20,60181.62385,151.8442,21.657,0,13.661,0,56.753,0,2.843,0,0.3517,0,0.16,0,0.9437,0,317.1685,0,151.8449,165.1887,0,-0.2,0.25,138.5435,34.2218,103.6,138.4288,34.2478,92.5,15.7,140,10.9,2,0,2,0, spo,-1,-1,-1,1.424,7.94,0.1794,
2023/08/25, 15:00:32,60181.62538,151.8457,13.101,0,-21.456,0,52.337,0,-2.046,0,-0.4888,0,0.273,0,1.1334,0,111.9583,0,331.8457,77.5365,0,2.5,0.367,137.8237,35.7241,92.2,137.6674,35.89,81.8,25.7,242,85.1,2,0,2,0, spo,-1,-1,-1,2.471,7.8,0.3167,
2023/08/25, 15:02:57,60181.62706,151.8473,300.394,0,-11.072,0,9.087,0,1.7,0,0.5881,0,0.925,0,0.4561,0,223.2473,0,151.8426,2.4435,0,1.2,0.367,137.9859,35.6484,79.5,138.0135,35.673,75.9,5.2,249,14.2,2,0,2,0, spo,-1,-1,-1,1.443,7.82,0.1845,
2023/08/25, 15:03:59,60181.62777,151.848,326.806,0,-12.204,0,16.338,0,1.805,0,0.5539,0,0.708,0,0.6078,0,258.0284,0,151.8274,0.5612,0,-1.1,0.317,137.1983,35.9797,80.4,137.208,36.0185,75.9,6.4,66,86.3,6,0,6,0, spo,-1,-1,-1,1.397,7.79,0.1793,
2023/08/25, 15:04:35,60181.62819,151.8484,28.304,0,37.171,0,62.428,0,9.393,0,0.1065,0,0.712,0,0.9242,0,247.4003,0,151.8486,132.9897,0,-2.7,0.284,134.9956,37.7414,109.4,134.8671,37.7112,96,18,33,3.5,2,0,2,0, spo,-1,-1,-1,1.346,7.63,0.1763,
2023/08/25, 15:06:42,60181.62965,151.8498,39.747,0,0.675,0,64.152,0,9.496,0,0.1053,0,0.587,0,0.9382,0,82.3643,0,331.8494,150.1864,0,-2.2,0.968,139.2383,37.7817,115.5,138.6251,37.9434,90.1,63.2,66,45.5,6,0,6,0, spo,-1,-1,-1,2.474,7.61,0.3251,
2023/08/25, 15:07:40,60181.63033,151.8504,79.202,0,56.94,0,61.857,0,-9.044,0,-0.1106,0,0.839,0,1.0928,0,132.4653,0,151.8505,118.3114,0,0.3,0.384,140.3068,36.8369,114.6,140.1576,36.6784,103.5,25,87,60.1,3,0,3,0, spo,-1,-1,-1,2.257,7.73,0.292,
2023/08/25, 15:10:18,60181.63215,151.8522,301.18,0,61.317,0,30.319,0,6.914,0,0.1446,0,0.974,0,0.8592,0,202.9835,0,151.852,47.7691,0,0.3,0.4,136.4721,34.768,88.9,136.5097,34.7109,78.1,13.1,114,81,2,0,2,0, spo,-1,-1,-1,1.203,7.9,0.1522,
2023/08/25, 15:10:18,60181.63216,151.8522,303.664,0,61.262,0,33.698,0,-23.9,0,-0.0418,0,0.97,0,1.0406,0,202.9691,0,151.852,51.5684,0,-0.2,0.317,136.4715,34.7609,87.8,136.5057,34.7067,77.3,12.5,14,83.9,2,0,2,0, spo,-1,-1,-1,1.193,7.9,0.1509,
2023/08/25, 15:16:35,60181.63652,151.8564,66.666,0,63.623,0,43.77,0,1.04,0,0.9618,0,0.765,0,0.2646,0,80.5418,0,151.8564,94.7006,0,1.2,0.133,140.3996,35.9692,102.2,140.3666,35.9276,98.3,6.8,159,2.6,2,0,2,0, spo,-1,-1,-1,1.739,7.8,0.223,
2023/08/25, 15:22:11,60181.64041,151.8602,50.54,0,9.279,0,67.166,0,4.441,0,0.2252,0,0.88,0,0.8018,0,44.7816,0,331.8595,163.6944,0,-0.8,0.3,136.8646,36.7458,106.5,136.657,36.7593,98.7,20.4,47,31.7,2,0,2,0, spo,-1,-1,-1,2.655,7.72,0.3437,
2023/08/25, 15:23:03,60181.64101,151.8607,327.112,0,-2.135,0,7.663,0,1.112,0,0.8989,0,0.812,0,0.2704,0,265.7414,0,151.8564,2.6652,0,0.3,0.133,138.2576,35.3146,78.3,138.2614,35.3224,76.7,1.9,27,16.6,2,0,2,0, spo,-1,-1,-1,1.161,7.85,0.1479,
2023/08/25, 15:24:02,60181.64169,151.8614,48.403,0,73.272,0,51.095,0,10.154,0,0.0985,0,0.995,0,0.902,0,165.3378,0,151.8614,91.7071,0,-1.5,0.617,136.4052,35.1644,110.4,136.3098,34.9569,89.2,32.7,52,87.8,6,0,6,0, spo,-1,-1,-1,1.547,7.88,0.1962,
2023/08/25, 15:24:02,60181.64169,151.8614,49.183,0,76.372,0,51.132,0,-21.078,0,-0.0474,0,0.991,0,1.047,0,164.2634,0,151.8614,88.7196,0,-2,0.534,136.3629,35.1449,106.9,136.2947,34.9597,88.9,28.2,18,53.1,2,0,2,0, spo,-1,-1,-1,1.572,7.88,0.1994,
2023/08/25, 15:24:12,60181.64181,151.8615,39.189,0,21.299,0,54.056,0,0.925,0,1.0814,0,0.352,0,0.6195,0,314.771,0,151.8623,166.0615,0,0.9,0.117,140.1871,34.9221,92,140.1321,34.9228,87.5,6.8,85,2.3,2,0,2,0, spo,-1,-1,-1,1.528,7.89,0.1938,
2023/08/25, 15:25:25,60181.64265,151.8623,57.086,0,21.04,0,67.115,0,2.681,0,0.373,0,1.002,0,0.6264,0,192.3575,0,151.8687,178.1825,0,-0.5,0.267,137.8837,36.4225,100.1,137.6998,36.3994,92.3,18.7,97,82.9,5,0,5,0, spo,-1,-1,-1,2.383,7.76,0.3073,
2023/08/25, 15:32:03,60181.64726,151.8668,346.614,0,23.641,0,46.038,0,-4.333,0,-0.2308,0,0.315,0,1.0727,0,289.2924,0,151.8667,61.0137,0,2,0.2,139.2242,34.7944,94.9,139.2221,34.8109,85.2,9.9,99,11.3,2,0,2,0, spo,-1,-1,-1,1.019,7.89,0.129,
2023/08/25, 15:34:05,60181.64868,151.8681,246.672,0,64.373,0,24.079,0,4.705,0,0.2126,0,1.003,0,0.7867,0,169.5106,0,151.8679,36.9626,0,0.7,0.6,137.0441,35.9274,96.6,137.1495,35.7686,83.9,23.9,202,76.5,5,0,5,0, spo,-1,-1,-1,1.877,7.81,0.2403,
2023/08/25, 15:36:08,60181.6501,151.8695,40.153,0,-11.362,0,58.974,0,5.733,0,0.1744,0,0.579,0,0.899,0,84.3778,0,331.8694,124.428,0,0.4,0.484,140.487,36.6203,109.1,140.2441,36.7499,98.4,28.6,119,28.9,2,0,2,0, spo,-1,-1,-1,2.671,7.72,0.3457,
2023/08/25, 15:36:35,60181.65041,151.8698,1.453,0,11.208,0,27.162,0,0.875,0,1.1426,0,0.145,0,0.8341,0,332.0136,0,151.8692,17.5102,0,1.2,0.15,140.4912,35.8857,90.1,140.4796,35.9016,85.9,4.7,164,23.5,2,0,2,0, spo,-1,-1,-1,1.119,7.8,0.1435,
2023/08/25, 15:37:00,60181.6507,151.8701,64.819,0,53.49,0,61.015,0,4.916,0,0.2034,0,0.947,0,0.8073,0,149.2329,0,151.8702,124.0888,0,-0.7,0.317,138.4108,36.1316,106.8,138.2846,36.0304,95.4,19.8,35,73.4,3,0,3,0, spo,-1,-1,-1,1.751,7.79,0.2248,
2023/08/25, 15:37:45,60181.65122,151.8706,316.817,0,20.206,0,6.771,0,1.099,0,0.9097,0,0.871,0,0.2076,0,258.7294,0,151.869,7.3663,0,0.5,0.3,139.1962,36.7039,75.7,139.211,36.7094,72.1,3.9,71,47.5,2,0,2,0, spo,-1,-1,-1,1.078,7.73,0.1395,
2023/08/25, 15:38:53,60181.652,151.8713,53.128,0,7.281,0,67.613,0,5.544,0,0.1804,0,0.925,0,0.8331,0,35.4902,0,331.8708,159.4406,0,0.7,0.3,137.7906,36.2378,114,137.5881,36.2601,106,20.3,93,86.1,3,0,3,0, spo,-1,-1,-1,2.559,7.77,0.3294,
2023/08/25, 15:41:31,60181.65384,151.8731,277.144,0,16.788,0,13.164,0,3.768,0,0.2654,0,0.978,0,0.7404,0,202.4827,0,151.8722,12.7145,0,2.6,0.667,136.9746,35.4211,94.6,137.0775,35.4174,87.8,11.6,264,11.7,2,0,2,0, spo,-1,-1,-1,1.714,7.84,0.2185,
2023/08/25, 15:41:37,60181.65391,151.8732,70.77,0,37.426,0,69.274,0,-17.367,0,-0.0576,0,0.904,0,1.052,0,142.5291,0,151.8736,153.4016,0,-1.7,0.45,137.821,35.1299,113.9,137.5285,34.9934,99.3,34.4,65,87.9,11,0,11,0, spo,-1,-1,-1,2.379,7.88,0.3019,
2023/08/25, 15:41:56,60181.65413,151.8734,80.6,0,28.369,0,67.584,0,13.151,0,0.076,0,0.7,0,0.9467,0,111.6328,0,151.8745,169.74,0,-0.4,0.4,141.7724,35.7756,110.7,141.5058,35.6811,102.6,27.9,88,18.4,2,0,2,0, spo,-1,-1,-1,3.502,7.82,0.4479,
2023/08/25, 15:43:10,60181.65498,151.8742,320.995,0,28.766,0,2183.735,0,0,0,-5369.5483,0,0.669,0,3593.2671,0,228.5677,0,151.8742,92.5993,0,-3.6,0.083,131.1176,35.6506,2273.2,132.013,35.8643,1932,359.3,31,83.2,2,0,2,0, spo,-1,-1,-1,1.049,7.8,0.1345,
2023/08/25, 15:45:44,60181.65676,151.8759,67.005,0,24.41,0,69.854,0,9.577,0,0.1044,0,0.965,0,0.8992,0,154.7574,0,151.8784,175.4027,0,0.4,0.284,140.3872,36.2398,113.6,140.1919,36.2025,105.2,20.2,85,81.7,2,0,2,0, spo,-1,-1,-1,2.4,7.77,0.3087,
2023/08/25, 15:46:45,60181.65747,151.8766,330.73,0,68.845,0,37.127,0,3.829,0,0.2612,0,0.972,0,0.7461,0,204.3634,0,151.8765,63.5477,0,-1.3,0.217,141.1001,37.3998,87,141.1111,37.3599,79.9,8.5,26,47.9,2,0,2,0, spo,-1,-1,-1,1.188,7.67,0.1549,
2023/08/25, 15:46:53,60181.65756,151.8767,66.538,0,34.246,0,70.104,0,-30.274,0,-0.033,0,0.959,0,1.0317,0,153.9938,0,151.8772,158.5291,0,-1.2,0.434,137.0426,34.3143,114,136.7517,34.2021,98.9,33.6,46,56,3,0,3,0, spo,-1,-1,-1,2.237,7.95,0.2816,
2023/08/25, 15:47:12,60181.65779,151.8769,340.232,0,25.235,0,86.63,0,-0.173,0,-5.7751,0,0.479,0,3.7678,0,250.4545,0,151.8769,85.8969,0,-0.8,0.217,136.0209,35.7744,116.1,136.0414,35.8058,96.4,20.1,50,2.3,2,0,2,0, spo,-1,-1,-1,1.02,7.81,0.1307,
2023/08/25, 15:48:27,60181.65865,151.8777,14.805,0,36.818,0,57.418,0,11.939,0,0.0838,0,0.527,0,0.9559,0,268.8661,0,151.8778,115.9052,0,0.8,0.267,137.1887,35.6457,107.6,137.1269,35.6356,93.1,15.6,147,65.2,3,0,3,0, spo,-1,-1,-1,1.079,7.82,0.1379,
2023/08/25, 15:49:26,60181.65934,151.8784,3.333,0,79.038,0,38.53,0,2.171,0,0.4606,0,1.011,0,0.5345,0,178.0298,0,151.8783,70.2568,0,1.1,0.217,137.0782,35.4851,88.9,137.073,35.436,83,8.1,135,7.2,2,0,2,0, spo,-1,-1,-1,1.373,7.84,0.1752,
2023/08/25, 15:49:46,60181.65956,151.8786,21.728,0,33.508,0,60.666,0,11.697,0,0.0855,0,0.546,0,0.9533,0,266.6968,0,151.8788,130.0842,0,-0.8,0.334,139.2939,34.5861,110.2,139.1964,34.5763,91.4,20.9,16,62.3,3,0,3,0, spo,-1,-1,-1,1.115,7.91,0.1409,
2023/08/25, 15:49:46,60181.65957,151.8786,22.13,0,34.328,0,59.275,0,4.847,0,0.2063,0,0.542,0,0.8881,0,269.1534,0,151.8788,128.5027,0,-1.2,0.333,139.2985,34.5916,110.4,139.2008,34.579,91.7,20.9,96,31.3,2,0,2,0, spo,-1,-1,-1,1.116,7.91,0.1411,
2023/08/25, 15:51:50,60181.661,151.88,57.981,0,3.945,0,68.993,0,54.838,0,0.0182,0,0.986,0,0.982,0,17.9447,0,331.8796,152.7634,0,-0.6,0.35,136.8067,38.6262,108,136.545,38.6614,100,24.8,52,27.8,2,0,2,0, spo,-1,-1,-1,3.134,7.54,0.4155,
2023/08/25, 15:54:29,60181.66284,151.8818,8.362,0,1.799,0,50.253,0,9.695,0,0.1031,0,0.001,0,0.9999,0,175.9518,0,331.8817,106.3753,0,-1.3,0.167,137.2363,33.8286,92.1,137.2043,33.8689,84.6,9.2,41,7.9,2,0,2,0, spo,-1,-1,-1,1.241,7.97,0.1557,
2023/08/25, 15:55:35,60181.66361,151.8825,273.842,0,75.01,0,29.654,0,3.539,0,0.2826,0,1.01,0,0.7147,0,175.6694,0,151.8824,49.1483,0,0.9,0.667,137.4845,36.207,93,137.5403,36.0655,78.9,21.8,136,11.2,2,0,2,0, spo,-1,-1,-1,1.549,7.79,0.199,
2023/08/25, 16:03:53,60181.66937,151.8881,27.355,0,31.175,0,61.61,0,4.768,0,0.2097,0,0.571,0,0.8802,0,265.9243,0,151.8883,140.0038,0,0,0.2,140.4039,35.924,106.8,140.339,35.9242,95.3,13,66,71.4,3,0,3,0, spo,-1,-1,-1,1.128,7.8,0.1446,
2023/08/25, 16:05:12,60181.67028,151.889,27.514,0,-7.018,0,56.679,0,6.856,0,0.1459,0,0.257,0,0.9624,0,121.3088,0,331.8888,127.1665,0,-0.7,0.267,136.9038,37.1658,97.1,136.8035,37.2456,88.2,15.6,49,75.9,2,0,2,0, spo,-1,-1,-1,1.743,7.68,0.227,
2023/08/25, 16:06:46,60181.67137,151.89,52.796,0,-13.759,0,59.666,0,4.504,0,0.222,0,0.868,0,0.8072,0,46.8294,0,331.8899,121.7678,0,-0.6,0.784,139.5312,34.0415,107.6,139.1057,34.2474,93,48.4,65,25.1,4,0,4,0, spo,-1,-1,-1,3.306,7.94,0.4162,
2023/08/25, 16:08:58,60181.67289,151.8915,352.608,0,60.616,0,38.613,0,1.816,0,0.5506,0,0.849,0,0.5325,0,237.3481,0,151.8914,71.3048,0,-0.6,0.25,139.382,36.1623,102.9,139.3835,36.1237,93.2,10.6,32,85.8,3,0,3,0, spo,-1,-1,-1,1.096,7.78,0.1408,
2023/08/25, 16:09:41,60181.6734,151.892,55.922,0,-4.43,0,64.772,0,6.54,0,0.1529,0,0.942,0,0.856,0,31.6411,0,331.8917,138.3915,0,-0.3,0.417,135.8043,34.5397,108.5,135.5352,34.6159,99.5,28,13,76.3,2,0,2,0, spo,-1,-1,-1,3.114,7.91,0.3936,
2023/08/25, 16:09:57,60181.67358,151.8921,56.424,0,-8.6,0,64.217,0,16.345,0,0.0612,0,0.946,0,0.9421,0,29.8091,0,331.892,131.6302,0,-1.4,0.734,135.4779,34.5415,109,135.0178,34.693,96.2,47.9,59,56.3,2,0,2,0, spo,-1,-1,-1,3.723,7.9,0.471,
2023/08/25, 16:22:01,60181.68196,151.9002,47.723,0,12.746,0,252.414,0,-0.018,0,-54.5999,0,0.977,0,54.3215,0,15.0966,0,331.8982,174.3421,0,-3.4,0.1,134.9026,37.7529,422.1,134.6941,37.7901,407.4,24.9,50,83.4,2,0,2,0, spo,-1,-1,-1,1.697,7.63,0.2225,
2023/08/25, 16:22:24,60181.68223,151.9005,29.263,0,16.3,0,61.337,0,3.473,0,0.288,0,0.363,0,0.8953,0,290.844,0,151.9016,169.7569,0,1.7,0.1,139.736,34.9352,107.6,139.7053,34.9477,102.6,5.9,62,36.3,2,0,2,0, spo,-1,-1,-1,1.192,7.88,0.1512,
2023/08/25, 16:22:43,60181.68245,151.9007,54.103,0,8.445,0,74.491,0,-2.226,0,-0.4492,0,0.966,0,1.4337,0,22.4824,0,331.9001,162.3397,0,0.8,0.4,136.8056,34.6849,116.9,136.5564,34.7277,102.6,27.7,78,41.5,3,0,3,0, spo,-1,-1,-1,1.94,7.9,0.2455,
2023/08/25, 16:26:15,60181.6849,151.9031,59.031,0,16.468,0,65.595,0,2.027,0,0.4933,0,1.006,0,0.504,0,10.1458,0,331.9014,173.0381,0,1,0.167,139.4022,34.8077,99.5,139.302,34.8121,93.1,11.3,37,19.5,2,0,2,0, spo,-1,-1,-1,1.777,7.89,0.225,
2023/08/25, 16:26:50,60181.68531,151.9034,81.384,0,47.279,0,60.934,0,3.752,0,0.2665,0,0.706,0,0.8118,0,109.109,0,151.9036,131.8766,0,-0.2,0.233,137.0015,35.1552,108.6,136.8994,35.086,101.8,14,67,35.5,2,0,2,0, spo,-1,-1,-1,2.068,7.87,0.2628,
2023/08/25, 16:27:25,60181.68572,151.9038,1.424,0,-4.55,0,37.72,0,1.91,0,0.5237,0,0.091,0,0.9522,0,149.8745,0,331.9046,14.5092,0,0.3,0.184,139.1835,35.4748,94.2,139.18,35.5206,87.9,8.2,38,34.9,2,0,2,0, spo,-1,-1,-1,1.289,7.83,0.1645,
2023/08/25, 16:27:40,60181.68588,151.904,292.984,0,63.086,0,15.219,0,1.256,0,0.7964,0,0.986,0,0.2145,0,210.4302,0,151.9036,27.665,0,1,0.834,138.0662,36.3044,92.3,138.13,36.2237,80.4,16,122,66.1,2,0,2,0, spo,-1,-1,-1,1.347,7.77,0.1733,
2023/08/25, 16:34:12,60181.69042,151.9084,3.965,0,3.896,0,45.375,0,3.346,0,0.2989,0,0.014,0,0.996,0,347.7525,0,151.9078,19.0895,0,0.5,0.167,140.5491,34.7024,93.3,140.5468,34.7365,86.7,7.6,66,13.6,2,0,2,0, spo,-1,-1,-1,1.158,7.9,0.1465,
2023/08/25, 16:34:18,60181.69049,151.9084,319.481,0,76.567,0,38.896,0,13.44,0,0.0744,0,1.009,0,0.925,0,185.5039,0,151.9083,64.4622,0,0.2,0.417,139.7766,36.6097,105.7,139.8033,36.5101,93.5,16.7,56,85.5,3,0,3,0, spo,-1,-1,-1,1.373,7.75,0.1772,
2023/08/25, 16:35:39,60181.69143,151.9093,332.687,0,-14.226,0,17.391,0,1.674,0,0.5973,0,0.651,0,0.6112,0,86.4734,0,331.9165,1.6047,0,2,0.167,137.0083,35.9248,79,137.0231,35.9451,76.8,3.4,151,46.5,2,0,2,0, spo,-1,-1,-1,1.586,7.8,0.2034,
2023/08/25, 16:37:10,60181.69249,151.9104,6.077,0,52.821,0,37.753,0,1.084,0,0.9222,0,0.594,0,0.4524,0,288.9341,0,151.9103,76.764,0,1.5,0.35,137.2922,35.8206,104.3,137.2816,35.7846,91,13.9,154,72.3,2,0,2,0, spo,-1,-1,-1,1.048,7.81,0.1342,
2023/08/25, 16:43:35,60181.69694,151.9147,38.252,0,29.427,0,59.462,0,1.479,0,0.6763,0,0.637,0,0.569,0,271.0951,0,151.915,151.5162,0,-0.1,0.1,139.2887,35.7819,103.5,139.254,35.783,97.9,6.5,34,86.2,2,0,2,0, spo,-1,-1,-1,1.152,7.81,0.1475,
2023/08/25, 16:44:02,60181.69725,151.915,348.96,0,25.579,0,39.833,0,3.141,0,0.3184,0,0.3,0,0.9044,0,298.7102,0,151.9148,56.211,0,-0.6,0.117,136.5416,35.6129,89,136.5515,35.6199,84.1,5.1,101,86.4,2,0,2,0, spo,-1,-1,-1,1.029,7.83,0.1315,
2023/08/25, 16:44:02,60181.69725,151.915,348.878,0,25.205,0,41.867,0,5.53,0,0.1808,0,0.3,0,0.9458,0,296.5909,0,151.9148,58.9098,0,-0.5,0.2,136.5338,35.6124,92.5,136.5509,35.6249,84.1,8.6,119,85,2,0,2,0, spo,-1,-1,-1,1.031,7.83,0.1317,
2023/08/25, 16:45:49,60181.69849,151.9162,306.716,0,70.166,0,30.136,0,2.601,0,0.3845,0,0.996,0,0.6171,0,196.0764,0,151.916,51.5192,0,0.6,0.267,138.3472,35.373,91.4,138.3753,35.3168,84.4,9.8,53,36.7,3,0,3,0, spo,-1,-1,-1,1.396,7.85,0.1777,
2023/08/25, 16:47:49,60181.69988,151.9175,60.454,0,10.969,0,70.006,0,17.08,0,0.0585,0,1.008,0,0.941,0,5.6393,0,331.9168,163.7157,0,-2.4,0.267,135.3652,35.2728,110.7,135.1934,35.2944,100.9,18.8,21,30.6,3,0,3,0, spo,-1,-1,-1,1.932,7.85,0.246,
2023/08/25, 16:47:49,60181.69988,151.9175,2.647,0,8.85,0,49.944,0,-220.122,0,-0.0045,0,0.023,0,1.0001,0,342.4707,0,151.9174,74.4511,0,0.6,0.45,137.0245,34.8557,258.1,137.0219,34.9863,226.7,34.8,113,48.8,2,0,2,0, spo,-1,-1,-1,1.109,7.88,0.1407,
2023/08/25, 16:54:00,60181.70417,151.9216,41.406,0,27.421,0,64.027,0,2.464,0,0.4058,0,0.773,0,0.6864,0,245.0843,0,151.9221,158.9111,0,-0.3,0.1,140.3076,34.6292,96.4,140.2732,34.6313,90.8,6.5,53,8.4,2,0,2,0, spo,-1,-1,-1,1.156,7.91,0.1461,
2023/08/25, 16:54:45,60181.70469,151.9221,347.091,0,8.912,0,37.842,0,5.478,0,0.1826,0,0.214,0,0.9609,0,307.4373,0,151.9217,27.0891,0,1.3,0.133,137.5618,35.6403,86.4,137.5784,35.6597,81.9,5.3,190,10.8,2,0,2,0, spo,-1,-1,-1,1.156,7.82,0.1478,
2023/08/25, 16:55:39,60181.70532,151.9227,32.923,0,67.771,0,51.915,0,5.863,0,0.1706,0,1.01,0,0.8278,0,184.1889,0,151.9228,95.459,0,-0.3,0.217,141.071,37.0433,101,141.0502,36.9886,91.3,11.7,39,60.5,2,0,2,0, spo,-1,-1,-1,1.199,7.7,0.1557,
2023/08/25, 16:55:43,60181.70536,151.9228,50.154,0,6.024,0,64.635,0,2.649,0,0.3775,0,0.834,0,0.6851,0,55.2498,0,331.9223,157.4338,0,0,0.167,140.886,35.7166,106.9,140.8107,35.7485,99.9,10.5,63,36.8,3,0,3,0, spo,-1,-1,-1,1.504,7.81,0.1925,
2023/08/25, 16:59:44,60181.70815,151.9255,33.337,0,4.536,0,60.484,0,3.141,0,0.3184,0,0.364,0,0.8842,0,111.3596,0,331.925,158.8766,0,0.6,0.133,136.9326,35.5145,101.5,136.8915,35.5463,95.3,8.1,141,63.6,3,0,3,0, spo,-1,-1,-1,1.308,7.83,0.167,
2023/08/25, 17:00:14,60181.7085,151.9258,70.353,0,24.444,0,70.453,0,59.395,0,0.0168,0,0.925,0,0.9844,0,145.9283,0,151.9287,176.0882,0,-0.7,0.217,138.2325,36.9216,112,138.0944,36.9096,103.1,15.4,107,40.6,2,0,2,0, spo,-1,-1,-1,1.742,7.71,0.226,
2023/08/25, 17:01:40,60181.7095,151.9268,59.802,0,24.08,0,65.702,0,2.041,0,0.4899,0,1.011,0,0.5049,0,178.1428,0,151.9286,173.7187,0,0.4,0.2,140.4005,35.2982,107.9,140.2933,35.2984,97.8,14.1,48,50.6,3,0,3,0, spo,-1,-1,-1,1.408,7.85,0.1793,
2023/08/25, 17:06:06,60181.71258,151.9297,24.588,0,-4.227,0,55.047,0,4.039,0,0.2476,0,0.169,0,0.9582,0,134.5885,0,331.9296,130.918,0,-0.7,0.267,140.5299,35.0494,100.5,140.4892,35.1332,88.8,15.5,74,37.4,4,0,4,0, spo,-1,-1,-1,1.325,7.87,0.1685,
2023/08/25, 17:10:09,60181.71539,151.9324,63.006,0,20.359,0,73.519,0,-4.684,0,-0.2135,0,1.006,0,1.2147,0,352.1572,0,331.9233,178.7477,0,-0.3,0.234,136.0315,34.9053,110.9,135.8727,34.9077,98.8,19.1,49,73,3,0,3,0, spo,-1,-1,-1,1.587,7.89,0.2012,
2023/08/25, 17:12:38,60181.71711,151.9341,65.296,0,63.634,0,60.315,0,-5.767,0,-0.1734,0,0.958,0,1.1661,0,154.5699,0,151.9342,109.9417,0,-0.8,0.233,136.5937,34.1336,108,136.5397,34.0613,98.4,13.5,92,60.2,3,0,3,0, spo,-1,-1,-1,1.42,7.96,0.1785,
2023/08/25, 17:13:33,60181.71775,151.9347,44.903,0,21.904,0,68.204,0,7.228,0,0.1383,0,0.844,0,0.8832,0,229.6078,0,151.9361,171.3642,0,-0.2,0.234,136.8904,35.9413,112.5,136.7923,35.961,98.9,16.5,160,41,2,0,2,0, spo,-1,-1,-1,1.212,7.8,0.1555,
2023/08/25, 17:13:34,60181.71775,151.9347,47.23,0,17.108,0,64.991,0,2.263,0,0.442,0,0.812,0,0.641,0,60.1792,0,331.9233,178.9978,0,-0.4,0.116,136.8837,35.9393,110.4,136.8349,35.9526,104.5,7.6,125,71.4,2,0,2,0, spo,-1,-1,-1,1.284,7.8,0.1647,
2023/08/25, 17:13:55,60181.71801,151.935,13.089,0,35.456,0,54.039,0,3.44,0,0.2907,0,0.437,0,0.873,0,282.5917,0,151.9351,111.5385,0,0.7,0.2,136.7746,35.968,100.7,136.7667,35.9684,89.6,11.2,155,49.8,2,0,2,0, spo,-1,-1,-1,1.002,7.79,0.1286,
2023/08/25, 17:13:56,60181.71801,151.935,12.198,0,38.416,0,62.798,0,-1.998,0,-0.5006,0,0.617,0,1.3088,0,251.806,0,151.9351,115.7609,0,0.8,0.1,136.7716,35.9835,100.7,136.7677,35.9805,93.6,7.2,111,16.4,2,0,2,0, spo,-1,-1,-1,1.002,7.79,0.1286,
2023/08/25, 17:17:19,60181.72036,151.9372,30.432,0,-15.478,0,56.662,0,-24.209,0,-0.0413,0,0.408,0,1.0169,0,100.5368,0,331.9372,111.4629,0,-0.8,0.367,139.109,36.2956,101.5,139.0393,36.4333,89.4,20.7,70,81.9,2,0,2,0, spo,-1,-1,-1,1.705,7.75,0.2199,
2023/08/25, 17:18:10,60181.72095,151.9378,40.54,0,-26.606,0,51.465,0,6.302,0,0.1587,0,0.67,0,0.8937,0,73.4094,0,331.9378,95.3934,0,-2.2,0.967,136.6379,35.6407,110,136.3569,36.0401,89.1,56,52,84.7,11,0,11,0, spo,-1,-1,-1,2.652,7.79,0.3405,
2023/08/25, 17:19:19,60181.72176,151.9386,58.548,0,8.855,0,68.257,0,5.479,0,0.1825,0,0.996,0,0.8183,0,14.8481,0,331.938,160.485,0,-0.4,0.1,136.8718,34.5577,109.7,136.8158,34.573,105.2,7.1,120,70,2,0,2,0, spo,-1,-1,-1,1.587,7.91,0.2006,
2023/08/25, 17:19:21,60181.72178,151.9386,336.075,0,-38.685,0,24.059,0,9.47,0,0.1056,0,0.714,0,0.9246,0,67.0919,0,331.9392,18.1626,0,-0.3,1.568,136.284,36.1508,93.2,136.4689,36.4663,83.9,40.4,72,58,4,0,4,0, spo,-1,-1,-1,4.235,7.75,0.5464,
2023/08/25, 17:23:42,60181.7248,151.9415,77.6,0,60.272,0,63.365,0,-2.726,0,-0.3669,0,0.884,0,1.3245,0,141.3103,0,151.9416,115.0332,0,0.4,0.234,137.1225,35.9912,112.6,137.0497,35.9156,102.7,14.7,166,17.9,3,0,3,0, spo,-1,-1,-1,1.483,7.8,0.1901,
2023/08/25, 17:25:18,60181.72591,151.9426,36.843,0,30.388,0,2298.319,0,0,0,-5813.3506,0,0.966,0,5615.793,0,197.1595,0,151.9433,164.1184,0,-2,0.05,145.2809,37.2601,2724.4,144.8558,37.3907,2518.1,214.1,139,41.5,2,0,2,0, spo,-1,-1,-1,1.038,7.67,0.1354,
2023/08/25, 17:25:31,60181.72606,151.9427,265.416,0,40.128,0,640.914,0,-0.002,0,-479.9806,0,0.999,0,480.5344,0,188.7577,0,151.9426,62.5011,0,-7.7,2.3,163.491,27.0113,1833.6,168.0271,20.7171,2102.1,1126.2,81,41.3,2,0,2,0, spo,-1,-1,-1,-5.829,8.8,-0.6621,
2023/08/25, 17:28:43,60181.72828,151.9449,45.869,0,47.316,0,59.684,0,2.244,0,0.4456,0,0.99,0,0.5589,0,199.6644,0,151.945,128.3505,0,0.3,0.184,137.532,35.8787,111,137.4863,35.8522,100.7,11.5,152,58.8,2,0,2,0, spo,-1,-1,-1,1.121,7.81,0.1436,
2023/08/25, 17:29:17,60181.72868,151.9453,34.719,0,51.51,0,57.612,0,3.115,0,0.321,0,0.941,0,0.698,0,213.7836,0,151.9454,116.7605,0,-1.8,0.384,139.8374,37.2911,109.1,139.7855,37.2372,87.6,22.8,54,87.4,5,0,5,0, spo,-1,-1,-1,1.062,7.68,0.1384,
2023/08/25, 17:30:29,60181.72951,151.9461,44.28,0,28.796,0,59.222,0,1.234,0,0.8103,0,0.723,0,0.4144,0,268.4598,0,151.9465,156.7452,0,0.7,0.1,140.0795,35.1005,95.1,140.0544,35.1029,90,5.6,65,29,2,0,2,0, spo,-1,-1,-1,1.101,7.87,0.1399,
2023/08/25, 17:31:52,60181.73047,151.947,340.243,0,54.128,0,40.335,0,5.598,0,0.1786,0,0.804,0,0.8564,0,236.1982,0,151.9469,67.1254,0,-1.4,0.367,136.4746,35.5749,102.5,136.5278,35.5221,88.4,16,62,75.5,5,0,5,0, spo,-1,-1,-1,1.138,7.83,0.1452,
2023/08/25, 17:31:59,60181.73055,151.9471,39.024,0,41.774,0,61.455,0,2.846,0,0.3513,0,0.892,0,0.6865,0,224.5823,0,151.9473,133.8111,0,-1.9,0.167,141.9318,34.875,108.4,141.9016,34.861,98.2,10.6,139,10.1,2,0,2,0, spo,-1,-1,-1,1.05,7.89,0.1331,
2023/08/25, 17:32:10,60181.73068,151.9472,63.888,0,20.062,0,30062.945,0,0,0,-1016776.938,0,1.009,0,1025728.125,0,356.3703,0,331.9376,178.809,0,-8.2,0.167,174.5385,23.6205,15394.5,164.1607,25.5986,5973.3,9816.8,35,41.5,2,0,2,0, spo,-1,-1,-1,1.024,8.54,0.1199,
2023/08/25, 17:36:43,60181.73384,151.9502,83.13,0,0.547,0,40.677,0,0.676,0,1.4792,0,0.186,0,0.7246,0,199.6633,0,331.9502,109.8406,0,1.2,0.267,137.1631,36.3508,120.2,137.0915,36.3639,117.9,7.1,150,37.1,2,0,2,0, spo,-1,-1,-1,3.081,7.76,0.3971,
2023/08/25, 17:39:47,60181.73596,151.9523,94.834,0,14.788,0,61.26,0,5.525,0,0.181,0,0.323,0,0.9415,0,246.2306,0,331.9518,156.9727,0,-0.4,0.233,138.3995,33.9696,106.9,138.2445,33.9562,101.9,15.5,115,22.1,2,0,2,0, spo,-1,-1,-1,3.153,7.97,0.3959,
2023/08/25, 17:40:36,60181.73653,151.9528,334.187,0,-16.501,0,22.263,0,2.666,0,0.3751,0,0.593,0,0.7777,0,86.9024,0,331.9557,3.9924,0,1.3,1.301,138.0152,35.8659,96.2,138.2346,36.0457,81.1,32.3,114,38.8,2,0,2,0, spo,-1,-1,-1,2.109,7.79,0.2708,
2023/08/25, 17:41:11,60181.73693,151.9532,40.104,0,-5.769,0,63.332,0,-220.591,0,-0.0045,0,0.605,0,1.0027,0,78.5959,0,331.953,137.3159,0,-0.2,0.167,140.8413,35.1325,108.5,140.7982,35.195,100.3,11.5,84,6.9,2,0,2,0, spo,-1,-1,-1,1.412,7.86,0.1796,
2023/08/25, 17:41:13,60181.73696,151.9533,65.036,0,19.283,0,66.056,0,2.192,0,0.4562,0,0.986,0,0.5503,0,338.5206,0,331.9503,176.115,0,-1.4,0.167,136.7555,34.2064,98.6,136.6776,34.2128,91.5,10.2,59,82.8,2,0,2,0, spo,-1,-1,-1,1.442,7.94,0.1815,
2023/08/25, 17:41:57,60181.73747,151.9537,76.746,0,-0.114,0,64.706,0,7.141,0,0.14,0,0.887,0,0.8758,0,317.4875,0,331.9535,138.5252,0,-1.1,0.434,138.7233,34.6851,110.1,138.4535,34.761,97.5,29.4,56,54.4,10,0,10,0, spo,-1,-1,-1,2.339,7.9,0.2961,
2023/08/25, 17:44:43,60181.73939,151.9556,254.182,0,62.976,0,20.028,0,2.396,0,0.4173,0,1.009,0,0.5789,0,174.2738,0,151.9553,32.2595,0,-5.1,2.803,134.5889,35.6388,93.5,134.8452,35.1563,66.9,64.8,25,7.6,2,0,2,0, spo,-1,-1,-1,2.41,7.87,0.3064,
2023/08/25, 17:45:26,60181.73989,151.9561,71.259,0,35.6,0,69.483,0,-23.62,0,-0.0423,0,0.899,0,1.038,0,141.4564,0,151.9565,156.609,0,-1.2,0.284,136.4135,34.4296,110.2,136.2676,34.3903,95.5,20.5,76,33.4,2,0,2,0, spo,-1,-1,-1,1.401,7.93,0.1767,
2023/08/25, 17:47:07,60181.74106,151.9572,55.058,0,46.544,0,65.96,0,39.674,0,0.0252,0,1.009,0,0.9746,0,175.3276,0,151.9574,135.5293,0,-0.7,0.25,136.224,38.1903,108.4,136.1426,38.1546,93.6,16.9,52,37.7,2,0,2,0, spo,-1,-1,-1,1.149,7.59,0.1514,
2023/08/25, 17:49:34,60181.74276,151.9588,54.785,0,-0.571,0,64.126,0,3.196,0,0.3129,0,0.919,0,0.7124,0,38.5683,0,331.9586,144.5826,0,-0.7,0.133,139.3163,37.8085,110.9,139.2642,37.8456,105.6,8.3,13,24.6,2,0,2,0, spo,-1,-1,-1,1.544,7.62,0.2025,
2023/08/25, 17:49:35,60181.74277,151.9588,51.067,0,1.057,0,63.99,0,3.015,0,0.3317,0,0.843,0,0.7202,0,52.7987,0,331.9585,148.1838,0,-2.8,0.184,135.5816,36.7907,107,135.5069,36.841,98.9,12,6,27.8,2,0,2,0, spo,-1,-1,-1,1.486,7.72,0.1925,
2023/08/25, 17:49:58,60181.74304,151.9591,61.368,0,44.295,0,63.281,0,2.963,0,0.3375,0,0.981,0,0.6689,0,157.8614,0,151.9594,138.9988,0,-1.8,0.167,139.0934,34.417,107.2,139.0391,34.3911,98.2,10.8,50,42.6,2,0,2,0, spo,-1,-1,-1,1.194,7.93,0.1506,
2023/08/25, 17:51:55,60181.7444,151.9604,33.143,0,-14.25,0,56.069,0,7.868,0,0.1271,0,0.428,0,0.9456,0,100.6965,0,331.9603,114.4855,0,0.2,0.4,136.0843,34.7302,106.9,136.0199,34.8781,92.4,22.9,47,72.9,3,0,3,0, spo,-1,-1,-1,1.576,7.89,0.1998,
2023/08/25, 17:54:41,60181.74631,151.9623,339.694,0,-8.663,0,24.919,0,2.209,0,0.4527,0,0.463,0,0.7902,0,103.1153,0,332.0833,0.0943,0,1.3,0.517,137.1871,35.9743,89.8,137.2794,36.0427,81.9,13.9,143,44.8,2,0,2,0, spo,-1,-1,-1,1.74,7.79,0.2235,
2023/08/25, 17:55:24,60181.74681,151.9628,344.951,0,63.717,0,37.829,0,2.27,0,0.4405,0,0.907,0,0.6004,0,223.4007,0,151.9627,67.7068,0,-0.1,0.367,137.9016,35.8878,104.9,137.9401,35.8221,92.9,14.5,83,89.9,6,0,6,0, spo,-1,-1,-1,1.209,7.81,0.1549,
2023/08/25, 17:57:21,60181.74816,151.9641,17.229,0,1.93,0,274.959,0,-0.014,0,-71.6045,0,0.647,0,47.343,0,50.752,0,331.9627,171.6704,0,1.9,0.234,136.3862,33.04,440.8,136.4319,33.5623,339.4,118.8,153,53.1,2,0,2,0, spo,-1,-1,-1,1.167,8,0.1459,
2023/08/25, 17:57:24,60181.7482,151.9641,50.56,0,47.323,0,64.377,0,9.18,0,0.1089,0,1.009,0,0.89,0,184.4022,0,151.9643,132.4733,0,-1.6,0.234,140.6032,37.5557,111,140.5499,37.5262,96.7,15.5,65,75.8,3,0,3,0, spo,-1,-1,-1,1.081,7.65,0.1413,
2023/08/25, 17:57:24,60181.7482,151.9641,52.762,0,47.683,0,66.977,0,-8.417,0,-0.1188,0,1.011,0,1.1201,0,179.3218,0,151.9643,133.7465,0,-1.5,0.167,140.5857,37.5412,105.9,140.5444,37.5184,95.6,11.2,62,74,2,0,2,0, spo,-1,-1,-1,1.093,7.65,0.1429,
2023/08/25, 17:58:44,60181.74913,151.965,87.548,0,8.75,0,62.72,0,4.448,0,0.2248,0,0.547,0,0.8769,0,271.0702,0,331.9647,147.8817,0,-1.9,0.217,135.2534,39.3973,103.7,135.0892,39.4119,97.8,15.6,80,2.7,2,0,2,0, spo,-1,-1,-1,2.663,7.47,0.3567,
2023/08/25, 18:02:02,60181.75142,151.9672,69.79,0,15.933,0,66.066,0,2.483,0,0.4028,0,0.928,0,0.626,0,322.0156,0,331.9662,168.7361,0,-0.6,0.167,140.5595,38.0681,109.9,140.4688,38.0891,101.5,11.9,26,18.5,2,0,2,0, spo,-1,-1,-1,1.421,7.6,0.1871,
2023/08/25, 18:02:10,60181.75152,151.9673,53.999,0,8.017,0,65.56,0,2.66,0,0.376,0,0.925,0,0.652,0,38.1973,0,331.9667,159.9349,0,-1.7,0.2,140.7125,35.5846,111,140.647,35.6273,101.2,12.5,86,62.4,3,0,3,0, spo,-1,-1,-1,1.274,7.82,0.1628,
2023/08/25, 18:02:25,60181.75168,151.9675,59.11,0,12.057,0,66.964,0,2.933,0,0.341,0,1.002,0,0.6584,0,12.1981,0,331.9667,165.4854,0,-4.6,0.317,138.6307,38.9908,102.9,138.4893,39.0536,86.8,21.5,12,18,2,0,2,0, spo,-1,-1,-1,1.343,7.5,0.1791,
2023/08/25, 18:05:16,60181.75367,151.9694,79.326,0,43.744,0,67.17,0,-7.199,0,-0.1389,0,0.787,0,1.1093,0,125.3383,0,151.9696,141.4677,0,-0.6,0.434,139.9376,35.1502,104.7,139.7519,35.0663,83,29.2,56,89.9,5,0,5,0, spo,-1,-1,-1,1.351,7.87,0.1716,
2023/08/25, 18:05:17,60181.75368,151.9694,81.262,0,44.069,0,22.338,0,0.576,0,1.736,0,0.103,0,0.8207,0,7.3454,0,151.9691,38.4428,0,0.8,0.2,139.4281,36.1175,52.2,139.4004,36.1054,49,4.3,38,48.6,2,0,2,0, spo,-1,-1,-1,1.34,7.78,0.1722,
2023/08/25, 18:05:51,60181.75407,151.9698,48.837,0,32.572,0,59.797,0,1.266,0,0.7898,0,0.888,0,0.2983,0,241.7615,0,151.9701,152.8382,0,-0.7,0.15,138.4967,36.1831,110.8,138.4547,36.1843,100.8,10.6,50,87.9,5,0,5,0, spo,-1,-1,-1,1.074,7.78,0.1381,
2023/08/25, 18:05:59,60181.75416,151.9698,16.9,0,32.756,0,57.417,0,5.551,0,0.1801,0,0.442,0,0.9204,0,280.0666,0,151.97,122.3729,0,-1,0.3,140.516,36.1419,106.5,140.5403,36.1499,88.5,18.1,78,70.7,2,0,2,0, spo,-1,-1,-1,1.008,7.78,0.1296,
2023/08/25, 18:07:37,60181.75529,151.9709,88.066,0,0.148,0,62.419,0,18.195,0,0.055,0,0.643,0,0.9646,0,285.0399,0,331.9708,131.8789,0,-0.5,0.334,137.3165,37.6902,108.8,137.1014,37.7376,101.5,21.3,89,61.3,3,0,3,0, spo,-1,-1,-1,2.945,7.63,0.3859,
2023/08/25, 18:08:36,60181.75598,151.9716,42.989,0,20.268,0,64.473,0,2.386,0,0.4192,0,0.733,0,0.6926,0,250.7788,0,151.9732,172.8444,0,1,0.117,137.707,36.2567,108.8,137.6788,36.274,101.3,8.2,140,61.2,2,0,2,0, spo,-1,-1,-1,1.091,7.77,0.1404,
2023/08/25, 18:08:56,60181.75621,151.9718,60.336,0,6.365,0,68.463,0,8.195,0,0.122,0,1.004,0,0.8775,0,9.6832,0,331.9714,155.8501,0,-2.7,0.217,138.1522,37.6453,107.8,138.0524,37.6988,97.1,15.2,33,48.2,2,0,2,0, spo,-1,-1,-1,1.424,7.64,0.1864,
2023/08/25, 18:09:11,60181.75639,151.972,56.67,0,-2.508,0,63.269,0,2.938,0,0.3404,0,0.944,0,0.6786,0,33.1984,0,331.9717,140.5995,0,-0.2,0.267,137.099,36.6735,111.5,136.9952,36.7529,100.5,17,99,34.9,2,0,2,0, spo,-1,-1,-1,1.554,7.72,0.2011,
2023/08/25, 18:09:43,60181.75676,151.9723,44.969,0,42.964,0,54.78,0,1.121,0,0.8918,0,0.872,0,0.2226,0,255.8824,0,151.9725,130.9153,0,-0.1,0.15,140.0472,36.6756,107.5,140.0249,36.6655,99.3,8.5,56,61.2,2,0,2,0, spo,-1,-1,-1,1.041,7.73,0.1346,
2023/08/25, 18:10:56,60181.7576,151.9732,51.094,0,2.668,0,71.471,0,-3.269,0,-0.3059,0,0.905,0,1.277,0,35.5239,0,331.9727,153.2446,0,-2.3,0.167,142.7347,34.4725,108.1,142.6842,34.5261,98.2,12.6,153,8.6,2,0,2,0, spo,-1,-1,-1,1.265,7.92,0.1597,
2023/08/25, 18:10:59,60181.75764,151.9732,59.427,0,16.285,0,2918.361,0,0,0,-9406.2451,0,1.011,0,9506.624,0,1.297,0,331.9705,175.8614,0,-8.4,0.3,145.5769,32.0195,8055.3,142.8706,33.0841,7019,1203.4,140,18.3,2,0,2,0, spo,-1,-1,-1,1.15,8.03,0.1431,
2023/08/25, 18:11:12,60181.75778,151.9733,90.044,0,2.184,0,61.288,0,7.322,0,0.1366,0,0.558,0,0.9238,0,273.8545,0,331.9731,133.3096,0,0.6,0.267,137.1875,34.6863,110.5,137.0261,34.7145,104.5,16.5,93,11.8,2,0,2,0, spo,-1,-1,-1,2.806,7.9,0.3551,
2023/08/25, 18:11:13,60181.75779,151.9733,94.805,0,1.99,0,59.125,0,6.831,0,0.1464,0,0.44,0,0.9355,0,260.3667,0,331.9732,127.6708,0,0.6,0.133,137.105,34.6932,105.7,137.0198,34.7045,103.2,8.4,90,56.2,2,0,2,0, spo,-1,-1,-1,3.428,7.9,0.4337,
2023/08/25, 18:11:13,60181.75779,151.9733,77.212,0,40.033,0,64.135,0,3.896,0,0.2567,0,0.759,0,0.8051,0,116.2287,0,151.9736,146.9691,0,-1,0.217,137.6074,37.8055,108.2,137.5093,37.7767,97.3,14.3,80,41.5,2,0,2,0, spo,-1,-1,-1,1.324,7.63,0.1735,
2023/08/25, 18:14:29,60181.76007,151.9755,62.961,0,53.648,0,368.962,0,-0.008,0,-131.9002,0,0.999,0,132.828,0,171.3653,0,151.9758,145.0603,0,-4.3,0.133,130.6909,35.4449,661,130.4896,35.2813,622.3,48,106,86.4,2,0,2,0, spo,-1,-1,-1,1.241,7.85,0.158,
2023/08/25, 18:14:34,60181.76012,151.9756,24.465,0,-27.028,0,47.177,0,10.539,0,0.0949,0,0.43,0,0.9592,0,100.0111,0,331.9756,79.5269,0,0.3,0.4,138.9901,33.9719,94.7,138.9946,34.1212,85.1,19.4,60,17.9,2,0,2,0, spo,-1,-1,-1,1.999,7.95,0.2514,
2023/08/25, 18:20:48,60181.76445,151.9798,49.024,0,15.569,0,69.821,0,26.622,0,0.0376,0,0.895,0,0.9664,0,39.9485,0,331.9772,175.593,0,-1,0.217,137.5391,36.5188,110.9,137.478,36.5597,97.8,15,58,87,7,0,7,0, spo,-1,-1,-1,1.145,7.74,0.1479,
2023/08/25, 18:21:01,60181.7646,151.9799,58.406,0,45.663,0,64.014,0,4.284,0,0.2334,0,0.999,0,0.7667,0,166.8732,0,151.9801,136.7002,0,-0.7,0.167,140.931,36.3309,111.9,140.8902,36.31,101.7,11.1,102,86.6,3,0,3,0, spo,-1,-1,-1,1.092,7.76,0.1406,
2023/08/25, 18:21:44,60181.7651,151.9804,36.134,0,7.237,0,61.134,0,2.527,0,0.3957,0,0.433,0,0.8287,0,105.1629,0,331.9797,164.1575,0,-1.6,0.417,135.5179,37.031,107.6,135.4566,37.1477,84.2,27.4,63,2.7,2,0,2,0, spo,-1,-1,-1,1.172,7.69,0.1524,
2023/08/25, 18:22:22,60181.76554,151.9808,41.932,0,4.389,0,49.653,0,0.818,0,1.2231,0,0.234,0,0.7133,0,147.6612,0,331.9805,148.8061,0,1.2,0.167,138.8564,34.7231,101.7,138.8349,34.7584,94.7,8.3,98,20.5,2,0,2,0, spo,-1,-1,-1,1.188,7.9,0.1504,
2023/08/25, 18:23:25,60181.76627,151.9815,38.764,0,-7.931,0,175.482,0,-0.041,0,-24.2622,0,0.865,0,21.9784,0,31.9169,0,331.9812,150.0871,0,-3.9,0.267,132.8793,32.5661,446.4,132.7467,32.8166,412,47.3,60,77.3,2,0,2,0, spo,-1,-1,-1,1.375,8.06,0.1707,
2023/08/25, 18:31:04,60181.77158,151.9866,40.372,0,22.395,0,66.441,0,5.056,0,0.1978,0,0.737,0,0.8542,0,245.6561,0,151.9875,167.5981,0,-1.4,0.217,140.2255,37.2559,110.1,140.2016,37.2886,95.7,15,20,65,3,0,3,0, spo,-1,-1,-1,1.044,7.67,0.136,
2023/08/25, 18:32:57,60181.77289,151.9879,44.617,0,-2.649,0,61.33,0,2.847,0,0.3513,0,0.656,0,0.7696,0,78.8764,0,331.9876,141.6116,0,-2.3,0.433,140.4856,34.6955,113.3,140.4229,34.8371,92.1,27.2,84,47.4,6,0,6,0, spo,-1,-1,-1,1.283,7.89,0.1626,
2023/08/25, 18:34:20,60181.77385,151.9888,45.716,0,7.455,0,68.788,0,-32.971,0,-0.0303,0,0.793,0,1.024,0,54.9956,0,331.9882,162.4865,0,1.2,0.3,139.6099,34.8152,114.6,139.5554,34.8972,96.3,21.1,77,75,4,0,4,0, spo,-1,-1,-1,1.156,7.89,0.1466,
2023/08/25, 18:34:39,60181.77406,151.989,46.142,0,45.524,0,64.941,0,14.167,0,0.0706,0,0.993,0,0.9299,0,195.7302,0,151.9892,133.7361,0,-1.6,0.133,136.339,36.5575,105.9,136.3185,36.5437,97.5,8.8,57,37.2,3,0,3,0, spo,-1,-1,-1,1.042,7.74,0.1345,
2023/08/25, 18:35:27,60181.77463,151.9896,67.776,0,38.818,0,66.133,0,4.538,0,0.2204,0,0.927,0,0.7957,0,144.3578,0,151.9899,149.902,0,0.9,0.133,137.6987,36.1998,107.9,137.6499,36.188,99.8,9.4,124,57.7,2,0,2,0, spo,-1,-1,-1,1.154,7.78,0.1485,
2023/08/25, 18:36:19,60181.77523,151.9902,100.946,0,44.122,0,54.342,0,2.443,0,0.4093,0,0.313,0,0.8719,0,61.1771,0,151.9903,120.2829,0,0.3,0.267,140.1754,36.0934,106.5,140.0669,36.0402,97,14.9,116,52.3,2,0,2,0, spo,-1,-1,-1,1.59,7.79,0.2042,
2023/08/25, 18:36:50,60181.77558,151.9905,30.753,0,55.028,0,57.033,0,5.23,0,0.1912,0,0.95,0,0.8184,0,209.9444,0,151.9906,110.695,0,-1.8,0.267,136.5115,35.6817,104.1,136.5083,35.6354,89.2,15.7,76,75.3,5,0,5,0, spo,-1,-1,-1,1.06,7.82,0.1354,
2023/08/25, 18:37:49,60181.77626,151.9911,327.378,0,44.32,0,35.249,0,11.399,0,0.0877,0,0.751,0,0.9341,0,242.0845,0,151.991,52.0387,0,-1.9,0.817,134.5077,34.2078,95.8,134.7021,34.1068,74.6,30.1,55,12.5,2,0,2,0, spo,-1,-1,-1,1.415,7.95,0.178,
2023/08/25, 18:39:28,60181.77741,151.9923,58.017,0,35.641,0,67.327,0,4.819,0,0.2075,0,1.009,0,0.7905,0,175.5794,0,151.9927,153.7264,0,0.4,0.1,136.4375,35.0418,109.5,136.4092,35.0377,103.2,6.8,93,51.8,2,0,2,0, spo,-1,-1,-1,1.088,7.88,0.1381,
2023/08/25, 18:39:41,60181.77756,151.9924,61.799,0,19.778,0,153.828,0,-0.065,0,-15.4601,0,1.01,0,16.6192,0,358.0928,0,331.9841,178.6256,0,0.6,0.2,136.5639,34.6632,102,136.4189,34.7055,78.8,27.2,123,80,2,0,2,0, spo,-1,-1,-1,1.177,7.9,0.149,
2023/08/25, 18:40:52,60181.77839,151.9932,42.322,0,45.89,0,59.065,0,2.051,0,0.4877,0,0.951,0,0.5364,0,213.9241,0,151.9934,128.4225,0,0.5,0.167,136.9074,36.3629,103.2,136.8919,36.3474,93.5,9.9,105,77.2,2,0,2,0, spo,-1,-1,-1,1.027,7.76,0.1323,
2023/08/25, 18:40:55,60181.77842,151.9932,52.95,0,-5.752,0,65.772,0,-428.251,0,-0.0023,0,0.899,0,1.0021,0,38.7621,0,331.993,137.2851,0,-0.8,0.334,137.3972,36.1039,108.2,137.2889,36.2514,89.7,26.8,87,84.2,6,0,6,0, spo,-1,-1,-1,1.447,7.77,0.1863,
2023/08/25, 18:42:23,60181.77943,151.9942,53.398,0,34.468,0,60.708,0,1.357,0,0.737,0,0.991,0,0.2696,0,204.833,0,151.9946,151.9502,0,1,0.133,136.8755,36.0408,106.9,136.8445,36.0399,98.3,9,123,44.6,2,0,2,0, spo,-1,-1,-1,1.055,7.79,0.1355,
2023/08/25, 18:43:02,60181.7799,151.9947,75.648,0,-1.588,0,63.795,0,5.035,0,0.1986,0,0.909,0,0.8194,0,320.9889,0,331.9944,136.2799,0,0.5,0.234,136.2569,35.0608,112.6,136.14,35.1186,103.9,15.4,2,18.9,2,0,2,0, spo,-1,-1,-1,1.768,7.87,0.2247,
2023/08/25, 18:46:16,60181.78213,151.9968,79.591,0,47.064,0,63.78,0,15.396,0,0.065,0,0.771,0,0.9499,0,120.8519,0,151.997,134.3224,0,-2.4,0.267,136.9214,38.227,111.8,136.8235,38.1824,97.6,17.4,47,46.3,2,0,2,0, spo,-1,-1,-1,1.23,7.59,0.1621,
2023/08/25, 18:47:35,60181.78305,151.9977,44.573,0,17.464,0,69.534,0,-968.299,0,-0.001,0,0.821,0,1.0008,0,231.3195,0,152.0096,179.0435,0,-1.8,0.15,140.2789,36.4178,112,140.2615,36.4476,101.9,10.7,88,84.6,2,0,2,0, spo,-1,-1,-1,1.067,7.75,0.1377,
2023/08/25, 18:54:10,60181.78762,152.0021,65.591,0,15.937,0,85.215,0,-0.639,0,-1.5638,0,1.002,0,2.5672,0,351.1497,0,332.0008,171.5266,0,-1.5,0.184,138.7333,37.7155,107.6,138.6361,37.7626,92.5,18.3,104,21.3,2,0,2,0, spo,-1,-1,-1,1.208,7.63,0.1584,
2023/08/25, 18:55:30,60181.78855,152.003,12.804,0,58.966,0,53.357,0,93.208,0,0.0107,0,0.914,0,0.9902,0,216.1776,0,152.003,95.9646,0,-1.9,0.317,137.7399,34.4567,107.5,137.7775,34.3849,91.1,18.5,45,88.1,4,0,4,0, spo,-1,-1,-1,1.135,7.93,0.1431,
2023/08/25, 18:59:18,60181.79119,152.0056,11.773,0,54.995,0,53.318,0,14.292,0,0.07,0,0.853,0,0.9403,0,227.259,0,152.0056,97.5631,0,-3.1,0.334,136.2242,38.4078,96.9,136.269,38.3564,80,18.4,50,63.9,2,0,2,0, spo,-1,-1,-1,1.08,7.57,0.1426,
2023/08/25, 19:00:22,60181.79193,152.0063,54.416,0,-3.443,0,65.219,0,7.48,0,0.1337,0,0.919,0,0.8771,0,36.2746,0,332.006,140.4411,0,-2,0.267,140.5437,36.735,111.5,140.4918,36.8334,98.2,18,89,52.6,2,0,2,0, spo,-1,-1,-1,1.353,7.72,0.1753,
2023/08/25, 19:00:59,60181.79235,152.0067,50.74,0,15.674,0,72.359,0,-5.564,0,-0.1797,0,0.935,0,1.168,0,30.5972,0,332.0043,175.1885,0,-1.5,0.067,139.925,33.7215,93.1,139.9155,33.733,89,4.4,109,4.8,2,0,2,0, spo,-1,-1,-1,1.072,7.98,0.1342,
2023/08/25, 19:03:38,60181.7942,152.0085,45.574,0,8.644,0,64.381,0,2.685,0,0.3725,0,0.724,0,0.7302,0,70.8147,0,332.0078,163.8037,0,-1.9,0.15,139.9712,36.4652,97.4,139.9593,36.5064,88.5,10.1,47,88.6,4,0,4,0, spo,-1,-1,-1,1.134,7.75,0.1464,
2023/08/25, 19:03:55,60181.79439,152.0086,337.35,0,-1.641,0,26.669,0,2.686,0,0.3723,0,0.448,0,0.8331,0,282.976,0,152.0071,7.2737,0,1.6,1.167,137.6217,35.6744,91.5,137.9273,35.7654,76.9,33.2,230,2.7,2,0,2,0, spo,-1,-1,-1,2.25,7.81,0.288,
2023/08/25, 19:06:43,60181.79634,152.0105,353.734,0,28.292,0,46,0,8.963,0,0.1116,0,0.302,0,0.9663,0,295.2676,0,152.0105,73.4043,0,-0.2,0.284,140.2539,36.4538,100.1,140.3476,36.4505,89.7,13.5,50,56.9,2,0,2,0, spo,-1,-1,-1,1.285,7.75,0.1657,
2023/08/25, 19:07:06,60181.7966,152.0108,74.624,0,63.919,0,56.502,0,10.938,0,0.0914,0,0.894,0,0.9182,0,139.4147,0,152.0108,106.3464,0,-2.7,0.25,142.6003,37.8211,104,142.5625,37.7597,91.7,14.5,22,6.8,2,0,2,0, spo,-1,-1,-1,1.181,7.63,0.1548,
2023/08/25, 19:08:20,60181.79746,152.0116,55.493,0,-7.02,0,63.853,0,7.053,0,0.1418,0,0.929,0,0.8683,0,34.2935,0,332.0114,133.9884,0,-0.8,0.2,137.7581,34.7468,105.8,137.7166,34.8213,96.3,13.2,103,38.4,4,0,4,0, spo,-1,-1,-1,1.401,7.89,0.1775,
2023/08/25, 19:08:20,60181.79746,152.0116,57.003,0,-5.067,0,58.718,0,1.618,0,0.6179,0,0.912,0,0.4366,0,47.3644,0,332.0114,133.9725,0,-1.2,0.183,137.7718,34.7595,104.9,137.7359,34.8158,97.2,10.5,22,30.8,2,0,2,0, spo,-1,-1,-1,1.371,7.89,0.1737,
2023/08/25, 19:08:32,60181.7976,152.0117,60.885,0,0.912,0,62.84,0,2.102,0,0.4758,0,0.997,0,0.5257,0,16.2872,0,332.0114,144.8609,0,-1.1,0.083,139.5584,36.171,95.5,139.5328,36.2025,90.4,6.6,20,12.9,3,0,3,0, spo,-1,-1,-1,1.304,7.77,0.1677,
2023/08/25, 19:11:23,60181.79957,152.0136,75.696,0,63.106,0,55.223,0,4.576,0,0.2185,0,0.873,0,0.8092,0,134.07,0,152.0137,106.2247,0,-0.6,0.234,138.459,35.0347,106,138.4198,34.9723,94.9,13.6,42,45.5,6,0,6,0, spo,-1,-1,-1,1.23,7.88,0.1561,
2023/08/25, 19:11:30,60181.79966,152.0137,45.31,0,9.462,0,65.672,0,3.674,0,0.2722,0,0.744,0,0.7974,0,66.0806,0,332.0129,165.7103,0,-1.1,0.35,140.0751,35.0727,100.6,140.0588,35.1584,80.2,22.7,35,26.8,5,0,5,0, spo,-1,-1,-1,1.109,7.87,0.141,
2023/08/25, 19:11:49,60181.79988,152.0139,332.426,0,-1.497,0,18.408,0,1.559,0,0.6413,0,0.601,0,0.6147,0,273.7531,0,152.012,5.826,0,0.7,1.333,137.9554,36.4496,92,138.2332,36.5111,80.7,28.5,67,56.6,2,0,2,0, spo,-1,-1,-1,2.482,7.75,0.3204,
2023/08/25, 19:17:13,60181.80363,152.0175,80.152,0,55.031,0,61.663,0,-34.972,0,-0.0286,0,0.815,0,1.0233,0,128.0441,0,152.0177,120.7458,0,0.1,0.133,137.5195,35.7282,105.1,137.4853,35.6973,98,8.6,137,45,2,0,2,0, spo,-1,-1,-1,1.197,7.82,0.1531,
2023/08/25, 19:17:23,60181.80375,152.0177,90.068,0,48.377,0,60.712,0,10.535,0,0.0949,0,0.606,0,0.9425,0,100.0177,0,152.0178,126.7767,0,0.6,0.167,139.5827,36.803,105.8,139.5263,36.7725,97.4,10.4,18,36.8,2,0,2,0, spo,-1,-1,-1,1.241,7.72,0.1607,
2023/08/25, 19:21:16,60181.80644,152.0202,47.692,0,2.715,0,81.414,0,-0.686,0,-1.4586,0,0.893,0,2.3023,0,33.6339,0,332.0198,156.2448,0,-0.3,0.167,140.1891,34.4195,107.7,140.1797,34.4836,95.8,13.9,45,14.5,2,0,2,0, spo,-1,-1,-1,1.175,7.92,0.1483,
2023/08/25, 19:25:19,60181.80925,152.023,73.542,0,71.427,0,52.529,0,13.688,0,0.0731,0,0.927,0,0.9323,0,145.9221,0,152.023,94.7381,0,-1.4,0.234,139.6931,37.9959,107.2,139.67,37.93,96.8,13,11,80,3,0,3,0, spo,-1,-1,-1,1.242,7.61,0.1631,
2023/08/26, 16:23:27,60182.68295,152.8656,347.947,0,42.26,0,42.415,0,5.11,0,0.1957,0,0.575,0,0.8874,0,265.2022,0,152.8656,69.5772,0,0.3,0.1,136.2723,34.6572,89,136.2772,34.6517,84.6,4.4,41,46.6,2,0,2,0, spo,-1,-1,-1,1.015,7.95,0.1276,
2023/08/26, 17:25:06,60182.72577,152.9069,66.112,0,65.262,0,69.458,0,-0.873,0,-1.1457,0,0.974,0,2.1159,0,161.1909,0,152.907,112.8604,0,-0.7,0.434,137.384,36.1347,114.8,137.2799,35.9881,93.8,28.3,62,12.5,2,0,2,0, spo,-1,-1,-1,1.353,7.84,0.1726,
2023/08/26, 17:30:09,60182.72928,152.9103,61.167,0,49.09,0,63.465,0,5.713,0,0.175,0,0.988,0,0.827,0,162.0013,0,152.9105,131.7918,0,0.4,0.25,137.428,35.8779,108.4,137.3381,35.8245,94.4,17.3,111,13.2,2,0,2,0, spo,-1,-1,-1,1.241,7.85,0.158,
2023/08/26, 17:33:13,60182.73141,152.9124,35.349,0,-4.351,0,61.718,0,51.622,0,0.0194,0,0.448,0,0.9913,0,96.837,0,332.9122,138.4459,0,-0.9,0.484,137.1709,35.4586,111.2,137.0556,35.6207,89.2,30.5,101,61,4,0,4,0, spo,-1,-1,-1,1.387,7.87,0.1762,
2023/08/26, 17:34:26,60182.73225,152.9132,9.729,0,40.05,0,54.344,0,10.948,0,0.0913,0,0.538,0,0.9509,0,267.6865,0,152.9132,104.0572,0,-0.6,0.45,137.1807,35.5961,111,137.1996,35.5778,86.2,25,98,71.1,3,0,3,0, spo,-1,-1,-1,1.005,7.87,0.1277,
2023/08/26, 18:33:02,60182.77294,152.9524,41,0,19.711,0,69.793,0,-8.428,0,-0.1187,0,0.751,0,1.0891,0,239.5014,0,152.954,173.0727,0,-0.4,0.234,136.8117,34.8235,110.6,136.7771,34.8611,94.3,17.2,95,27,2,0,2,0, spo,-1,-1,-1,1.053,7.93,0.1327,
2023/08/26, 18:50:46,60182.78527,152.9643,19.463,0,32.801,0,58.472,0,6.473,0,0.1545,0,0.46,0,0.9289,0,277.5149,0,152.9645,125.7086,0,-1.3,0.25,136.7701,34.6097,103,136.8031,34.6113,88.4,14.9,106,85.8,2,0,2,0, spo,-1,-1,-1,1.021,7.95,0.1284,
2023/08/26, 18:57:46,60182.79013,152.969,55.677,0,15.317,0,62.469,0,1.407,0,0.7106,0,0.923,0,0.3444,0,48.7043,0,332.9677,171.8551,0,-0.1,0.083,137.1254,35.488,96.2,137.1062,35.503,91.3,5.5,133,19.2,2,0,2,0, spo,-1,-1,-1,1.12,7.88,0.1421,
2023/08/26, 19:04:59,60182.79513,152.9738,96.409,0,46.257,0,53.428,0,1.717,0,0.5823,0,0.379,0,0.7794,0,64.7148,0,152.974,120.6742,0,-0.1,0.267,137.0516,34.6042,105.6,136.9634,34.5563,95.6,14,87,44.1,2,0,2,0, spo,-1,-1,-1,1.411,7.96,0.1773,
2023/08/27, 16:31:36,60183.68862,153.8359,8.098,0,40.413,0,54.452,0,-125.795,0,-0.0079,0,0.54,0,1.0043,0,265.9361,0,153.836,101.3686,0,-3.3,0.267,136.7226,37.0016,110.7,136.7043,36.9927,95.6,15.1,49,25.4,2,0,2,0, spo,-1,-1,-1,1.009,7.8,0.1294,
2023/08/27, 17:24:07,60183.72509,153.8711,93.868,0,11.238,0,60.607,0,3.395,0,0.2946,0,0.391,0,0.885,0,252.1404,0,333.8708,149.7235,0,-1.8,0.284,138.1993,36.4391,98.5,138.0054,36.4315,93.5,18.4,12,28.6,2,0,2,0, spo,-1,-1,-1,3.663,7.84,0.467,
2023/08/27, 19:12:32,60183.80038,153.9438,32.864,0,17.623,0,64.966,0,24.612,0,0.0406,0,0.471,0,0.9808,0,274.4218,0,153.9448,170.5394,0,-2.7,0.2,139.002,36.3078,104,139.0258,36.3449,91.3,13.6,10,2.8,2,0,2,0, spo,-1,-1,-1,1.065,7.85,0.1357,
2023/08/27, 19:23:35,60183.80805,153.9512,49.282,0,7.38,0,38.43,0,0.571,0,1.7512,0,0.059,0,0.896,0,172.6107,0,333.951,135.2797,0,3.4,0.117,136.3515,34.6413,75.9,136.3424,34.6701,69.4,7.3,102,48.6,2,0,2,0, spo,-1,-1,-1,1.126,7.99,0.141,
2023/08/27, 19:26:35,60183.81013,153.9532,23.473,0,50.438,0,53.302,0,2.448,0,0.4086,0,0.785,0,0.6792,0,243.3363,0,153.9532,107.2533,0,-0.7,0.35,137.1346,35.5956,107.7,137.1814,35.5467,89.5,19.5,64,65.1,3,0,3,0, spo,-1,-1,-1,1.069,7.92,0.135,
